STATE_UT,DISTRICT,total_stations,future_critical_1y,future_critical_3y,early_warning_1y,recovery_expected_1y,avg_current_gavi,avg_forecast_1y_gavi,avg_forecast_3y_gavi
Karnataka,Kodagu,67,42,43,0,1,27.905651416968137,26.2424038259431,24.046571443271016
Karnataka,Dakshina Kannada,76,38,42,0,0,36.07338161015914,33.77907924475425,30.44370610022756
Kerala,Kasaragod,101,35,36,0,1,55.882169033759894,56.63099962883553,57.48594472137978
Kerala,Wayanad,77,28,28,0,1,58.67744152572841,58.36566044013221,57.74257527875048
Goa,North Goa,41,28,29,0,0,24.25442529454806,21.41992144408225,17.359852737760352
Kerala,Pathanamthitta,58,27,27,0,0,36.390382534429776,35.62422695381635,35.913237600355444
Karnataka,Davangere,42,25,25,0,0,28.22036772370184,26.28753513362735,23.53874040944807
Rajasthan,Jaisalmer,45,22,23,0,1,41.29802054368316,40.63238223066492,40.057197210696145
Maharashtra,Sindhudurg,45,20,21,0,0,39.591357638308985,38.39656384114529,37.25787489018966
Odisha,Cuttack,45,19,21,0,1,41.22644773304367,40.63206058449138,40.35301431114989
Kerala,Thiruvananthapuram,46,19,19,0,0,52.525738894744286,52.6373127035256,52.81820854325043
Kerala,Ernakulam,43,19,20,0,0,51.392076106582735,51.261180180505995,51.2531349749202
Karnataka,Chikkamagaluru,36,19,25,1,0,27.523717378599194,22.87673447654221,16.406618913179
Odisha,Koraput,33,19,16,0,0,30.268610430018455,30.299881263563435,30.89863452163171
Karnataka,Vijayapura,26,18,21,0,0,20.605712413605033,17.911032883167668,13.821319212363855
Rajasthan,Hanumangarh,29,18,19,0,0,25.648217097252473,23.68090092891234,21.55625504831144
Bihar,Begusarai,26,18,18,0,0,26.060864020166342,25.530545152500864,25.170965618228102
Kerala,Kozhikode,51,18,19,0,0,57.33475563421272,56.78011495466738,56.00943199790061
Goa,South Goa,25,17,18,0,0,26.704023110759085,23.599047408004026,19.723895572039233
Kerala,Kollam,48,17,17,0,0,52.4844526138184,52.57496622403347,52.75862391584408
Madhya Pradesh,Sidhi,31,17,18,0,0,34.444290899053094,32.3512210578506,28.932277370262884
Odisha,Boudh,47,17,18,0,0,43.069562686760634,42.95576677906964,44.09026688844391
Karnataka,Hassan,43,17,19,0,0,42.56534033601133,39.96557742126343,37.96015325644317
Kerala,Kottayam,42,16,16,0,0,55.90214557116366,55.686366726863874,55.939902185444865
Kerala,Alappuzha,35,16,16,0,0,49.42456140350877,49.15634721724947,48.619918844730876
Kerala,Idukki,42,16,17,0,0,58.075205508631655,57.558405156194276,56.87202667354173
Odisha,Gajapati,29,16,18,0,0,33.11669112166871,30.39070893238455,28.021809536813606
Karnataka,Shivamogga,43,16,21,1,1,44.068285051937124,41.51099362483801,36.985001528946675
Kerala,Malappuram,38,16,16,0,1,56.261489856983786,56.549797675973124,56.72846136505285
Kerala,Kannur,38,15,15,0,0,53.523394352913805,53.913419056153614,55.012447728980916
Karnataka,Belagavi,34,15,17,0,0,38.695454559223634,35.62674774414218,31.389114357982113
Odisha,Sonepur,38,15,15,0,0,39.56600852115551,40.379658399458734,41.88164487285717
Karnataka,Udupi,35,15,16,0,0,36.07235211986499,33.8389559402288,31.06831700866649
Bihar,Saharsa,18,14,15,0,0,15.44828301691047,13.651470155963615,10.057844434069922
Maharashtra,Ratnagiri,33,14,16,0,0,40.9072157189945,40.079753612585804,38.23373719113235
Madhya Pradesh,Guna,23,14,15,0,0,25.184353876776978,24.405877789804375,23.612502370465478
Bihar,Supaul,21,14,14,0,0,28.695147942459773,28.404551905845466,28.347779857036873
West Bengal,Jalpaiguri,30,14,14,0,0,44.10259079241793,42.87937010291724,41.388457570069704
West Bengal,Darjeeling,27,14,15,0,0,40.2747018063069,38.76798076489103,36.94623964227874
Karnataka,Uttara Kannada,21,14,17,1,0,21.985156205653094,19.228940627146287,15.484625412161636
Rajasthan,Banswara,22,13,13,0,0,28.457423613396053,27.422167667758966,26.009390962687334
Odisha,Nayagarh,28,13,14,0,0,34.96019115774641,34.676695734030375,35.34438422842051
Chhattisgarh,Korba,57,12,14,0,1,59.97799588959904,60.51465261963798,61.82199785791695
Karnataka,Yadgir,20,12,12,0,0,30.15151347354389,28.832395599532088,26.194159851508495
Punjab,Faridkot,18,12,12,0,0,30.627129769286633,30.67954215557701,31.798476275600454
Rajasthan,Barmer,25,12,12,0,0,35.89131925508073,36.76972761551246,39.00039049022207
Karnataka,Kalaburagi,33,12,15,0,1,39.7689713691939,38.66629098439007,36.20380145457779
Uttarakhand,Udam Singh Nagar,29,12,12,0,0,42.684134998140856,41.745860946280786,40.59178868818919
Kerala,Palakkad,45,12,14,0,1,61.45216822040407,60.93384427751449,59.706522106044325
Karnataka,Mandya,33,11,14,0,0,46.87330952148799,44.90545651903593,42.570028812919546
Odisha,Bargarh,37,11,12,0,0,47.9803690928002,50.08970825676138,53.33090131652001
Karnataka,Raichur,28,11,13,0,1,42.42836701504438,41.33487473481448,40.144084860100655
Andhra Pradesh,Visakhapatnam,15,11,13,0,0,23.06058538028666,19.761869710740083,15.887271094479663
Odisha,Ganjam,30,11,13,0,1,46.19824749552941,45.789012078954435,45.13728319100173
Jammu and Kashmir,Jammu,31,11,13,0,0,47.57397183242604,45.843941937178634,42.773680520353146
Karnataka,Mysuru,33,11,14,0,1,44.80427579194075,43.41014917552854,39.808671804094
Bihar,Madhepura,16,11,13,0,0,16.463042581104727,15.073735938016672,12.969142259683696
Rajasthan,Kota,16,10,10,0,0,18.834800362159886,17.76247591381835,17.291934159992422
Chhattisgarh,Raipur,35,10,12,0,2,52.852367938845624,53.72308228157681,54.34596541217127
Rajasthan,Pratapgarh,21,10,11,0,1,33.280483073604415,33.74324504467578,36.156318015021114
Haryana,Sirsa,21,10,10,0,0,36.550043791889046,36.15308283619996,36.241277846757505
Odisha,Puri,24,10,10,0,1,32.16722234259644,32.31080199388186,32.08177636806539
Madhya Pradesh,Ashoknagar,20,10,11,0,1,38.65329721083348,38.46217117026832,37.61975425397314
Maharashtra,Dhule,37,10,10,0,0,51.29399965741697,49.48369544713813,45.8701894602974
Punjab,Bathinda,13,10,11,0,0,16.50887573964497,15.835798816568047,14.489644970414206
Karnataka,Vijayanagar,24,10,11,0,0,41.1789601360232,38.50595222666544,34.73303410518951
Rajasthan,Jhalawar,25,10,11,0,0,38.48782686852757,37.86999147978314,38.098967166940746
Odisha,Dhenkanal,29,10,13,0,0,45.3417161173448,44.179450475672226,42.44147682682415
Karnataka,Bengaluru Urban,21,10,11,0,0,36.49650110694343,34.02065164520091,30.403358556121713
Odisha,Balangir,34,9,10,0,1,55.02898215310819,55.96606015163951,57.490604207394725
Bihar,Sitamarhi,10,9,10,0,0,8.056633885438236,5.575639449620427,3.133491847826085
Madhya Pradesh,Neemuch,34,9,11,0,0,53.20695315331987,52.78849799043986,52.941129584410035
Madhya Pradesh,Maihar,20,9,10,0,0,42.46467043669292,40.90359964387405,38.12432639679432
Maharashtra,Jalna,47,9,10,0,3,53.68573478682588,56.052444843880124,58.720660451392625
Bihar,Nalanda,15,9,11,0,0,31.909630677359658,29.786608734031816,26.51058248406044
Madhya Pradesh,Rajgarh,23,9,9,0,0,48.33711752389096,47.26040473933025,45.47099260062905
Rajasthan,Bundi,11,9,10,0,0,11.309655257023676,9.968549968549967,7.892399997663153
Karnataka,Ramanagara,27,9,9,0,2,47.73654818453591,49.41693370049114,51.2326235216227
Rajasthan,Dungarpur,16,9,9,0,0,27.23265445802555,27.18188810128226,27.710200349035993
Bihar,Khagaria,19,9,9,0,0,31.037015849439094,31.154683391061543,30.925837187756724
Maharashtra,Gadchiroli,29,9,10,0,0,43.7457693124092,43.376383643122175,42.71059168787234
Rajasthan,Ganganagar,18,8,8,0,0,41.845573002394595,43.19590526540386,44.91485520970779
Uttarakhand,Dehradun,36,8,8,0,0,63.758494863160195,64.97048377592199,66.74746054580272
Andhra Pradesh,Srikakulam,10,8,8,0,0,18.760374832663988,15.940438521763818,13.505050505050509
Bihar,Katihar,10,8,7,0,0,23.004700854700854,21.318087152952348,18.85631808278867
Jammu and Kashmir,Rajouri,13,8,8,0,0,26.16183648143278,26.07731901466132,26.520172193006513
Odisha,Jajapur,18,8,10,0,1,37.00218408864067,37.160874275205046,36.96655874190107
Himachal Pradesh,Kangra,15,8,9,0,1,39.551510282026975,38.140622808832376,36.540589084184376
Odisha,Khordha,49,8,8,0,3,73.25193598122318,74.30064526800354,75.44037051634254
Odisha,Kendujhar,20,8,9,0,0,45.650257052031705,44.176768834857675,42.49888062138353
Rajasthan,Dausa,13,8,9,1,1,26.876228068770345,25.97067991003628,23.8063653822071
Rajasthan,Baran,16,8,8,0,1,40.92865826702034,40.72003083721834,40.043875395437894
Chhattisgarh,Jashpur,37,8,8,0,1,51.18139529825943,52.26861940633628,54.1095455702179
Assam,Karbi Anglong,29,8,8,0,1,56.758563894218284,58.40364637398027,60.117170912179205
Assam,Lakhimpur,15,8,8,0,1,42.088554720133665,43.16410470620996,45.31520467836256
Madhya Pradesh,Raisen,24,8,8,0,0,55.042673875147365,52.334950364816194,48.47174538552631
Gujarat,Dangs,23,8,8,0,0,38.798383982573284,38.19199581305443,36.93938738160627
Uttarakhand,Haridwar,32,8,11,0,0,58.309359240357885,57.537120475961444,55.98644689781676
Karnataka,Chitradurga,26,8,9,0,1,46.52926854889397,43.83984911570272,39.00812318139539
Kerala,Thrissur,30,8,8,0,0,65.89858906525573,65.82186948853617,65.3915343915344
Jharkhand,Dumka,12,7,7,0,0,38.095446581354366,37.34844992761819,36.89206678616345
Jammu and Kashmir,Kathua,15,7,7,0,1,38.57162143943754,39.42440807383337,40.309468522112205
Rajasthan,Chittorgarh,13,7,7,0,0,40.05164446498464,37.52495970197582,33.366921937354704
Andhra Pradesh,Kakinada,10,7,7,0,0,25.116407791388152,23.95667438904379,21.637207584355068
Gujarat,Valsad,18,7,8,0,0,36.72273059175454,36.205095054312025,36.10456824750459
Haryana,Karnal,11,7,7,0,0,44.70931328142917,39.68053130005668,37.87878787878788
Karnataka,Haveri,18,7,7,0,0,41.84124367091639,39.53809462526627,36.64119824336773
Rajasthan,Udaipur,21,7,7,0,0,47.29685481875347,48.51304219091639,50.5058564956818
Karnataka,Tumakuru,25,7,8,0,1,40.72450763318517,40.514163289715945,40.5134746027775
Rajasthan,Bikaner,28,7,7,0,0,59.935482317260025,61.45143864973811,63.2647991532542
Maharashtra,Thane,21,7,8,0,0,48.398115895734456,47.20387873006712,45.17916101248905
Chhattisgarh,Bemetara,28,7,7,0,1,59.79833063098784,61.1676409104518,63.72516528581337
Madhya Pradesh,Narsimhapur,18,7,7,0,0,51.902927812359735,53.47139091950265,54.84200009832032
Madhya Pradesh,Shivpuri,18,7,8,0,1,51.505292045806165,51.403472115101664,49.92629958481115
Madhya Pradesh,Satna,29,7,7,0,0,53.8360665219178,53.771391382831496,54.85196775695239
Maharashtra,Nashik,25,7,9,0,0,49.72727393099922,48.479941651627996,47.0149881225966
Rajasthan,Bharatpur,15,7,8,1,1,38.30909006303962,36.43640946821078,34.7292018566583
Assam,Biswanath,10,7,7,0,0,27.076923076923077,26.461538461538463,25.230769230769237
Chhattisgarh,Durg,29,7,8,0,3,64.59718385104405,65.74189650917077,66.8004293351614
Bihar,Buxar,17,7,7,0,3,45.98249501054609,47.90201413288102,49.08881425348874
Chhattisgarh,Dhamtari,34,7,6,0,3,57.98599855993802,60.504818813126455,63.19171229652586
Madhya Pradesh,Rewa,20,7,7,0,1,47.662897241514294,47.48771994187469,46.04825643170438
Rajasthan,Tonk,15,7,9,0,0,38.10628664901021,36.50404179060607,33.1865577235153
Maharashtra,Palghar,24,6,6,0,1,55.72990986339,58.96342371846807,63.080711056254536
Uttar Pradesh,Sonbhadra,12,6,6,0,1,42.10540652464427,44.84990493894759,47.96272774664336
Punjab,Jalandhar,8,6,6,0,1,19.454205643939044,19.79539745563568,22.48062015503876
Odisha,Anugul,28,6,6,0,4,54.105237225281904,56.53063437212609,59.653839903036605
Chhattisgarh,Balod,29,6,6,0,1,65.93409938357559,66.48972548129085,67.23492663220917
Madhya Pradesh,Jabalpur,32,6,9,0,0,63.82229832478334,62.99061709140842,60.86000889218174
Chhattisgarh,Korea,23,6,6,0,1,56.86003754893588,57.982138912078504,59.62961035309079
Chhattisgarh,Balodabazar-Bhatapara,28,6,6,0,2,56.639345172064296,58.47676570550586,61.2346310023979
Maharashtra,Beed,34,6,8,0,1,56.40810923137689,57.12908204022184,57.90465590615935
Punjab,Pathankot,12,6,5,0,0,26.483613070832202,27.5101278434079,29.563157388559294
Punjab,Moga,6,6,6,0,0,3.44827586206897,2.043422733077917,0.0
Rajasthan,Beawar,15,6,6,0,1,47.50483625648199,46.784890285754486,46.78508131555137
Chhattisgarh,Sarangarh Bilaigarh,17,6,7,0,0,51.90944021210264,53.07420375837768,54.89165101899499
Punjab,Tarn Taran,7,6,6,0,0,9.099278809268066,6.223040594683985,4.260651629072684
Madhya Pradesh,Singrauli,20,6,6,0,0,48.89019096979649,47.811883537429964,46.25913340699641
Chhattisgarh,Raigarh,55,6,6,0,4,67.18097112637116,69.46918140421327,72.86553870652598
Rajasthan,Sikar,12,6,7,0,0,40.70475279648662,40.95508368945861,41.67286706349199
West Bengal,Paschim Bardhaman,45,6,6,0,2,63.94905668284751,65.79721080075011,67.29348577719607
Maharashtra,Buldhana,27,6,6,0,0,69.02100290888244,70.39030593184901,71.71878168441559
Tripura,South Tripura,15,6,6,0,0,40.19905173868589,40.09153359187235,39.62958371799836
Maharashtra,Nagpur,35,6,5,0,0,64.17483396899598,66.28611262364824,69.69877907828398
Karnataka,Chamarajanagara,17,6,6,0,0,46.26372202379509,45.31859035639981,43.55869318837058
Karnataka,Bidar,18,6,5,0,1,45.4312088059906,46.717793227213775,48.57567426412795
Rajasthan,Anupgarh,8,6,6,0,0,28.625235404896436,27.36637969688819,25.000000000000025
Maharashtra,Solapur,25,6,6,0,1,56.14195626767983,56.89449162777816,58.66444330035578
Madhya Pradesh,Bhopal,26,6,6,0,0,62.451793052381284,62.911573407268506,63.33235836560762
Rajasthan,Jodhpur (Gramin),20,6,6,0,0,47.19272883718284,48.02793086195778,51.357384195556904
Karnataka,Ballari,14,6,6,0,0,46.82584641011811,43.966129403551015,42.22961464507522
Haryana,Bhiwani,23,6,8,0,0,48.5289777385312,48.045225801502255,45.95050775675196
Maharashtra,Pune,19,6,7,0,1,53.27014602343528,51.94395865394442,50.31544695071028
Odisha,Malkangiri,17,6,6,0,0,35.72186298966485,36.883970719110046,39.20818617800042
Odisha,Mayurbhanj,18,6,6,0,0,54.96480178771846,54.10737813819411,53.300820080768
Odisha,Nuapada,23,6,6,0,0,52.961736822763136,54.806023496309635,58.195699283635506
Chhattisgarh,Bilaspur,47,6,7,0,4,63.790556819834364,65.06182944705705,67.04796701994066
Bihar,Sheikhpura,7,6,6,0,0,9.438775510204083,7.6895043731778445,5.0200437317784266
Delhi,North,13,6,7,0,2,37.49110633993606,37.442280603685205,35.49613945660687
Madhya Pradesh,Tikamgarh,16,5,6,0,1,47.75196078634602,48.77533331005658,49.22965359687578
Chhattisgarh,Surguja,24,5,5,0,0,60.77847746186061,62.8208670384334,65.89574965536666
Chhattisgarh,Surajpur,26,5,6,0,1,59.98798472329524,60.15849474199901,59.59715863832361
Chhattisgarh,Mahasamund,23,5,6,0,2,58.51059157361755,58.194414351892874,57.81034997112197
Bihar,Purbi Champaran,11,5,6,0,0,35.49641824985653,31.541022927215398,26.34307499477583
Madhya Pradesh,Sehore,23,5,6,0,0,60.110874977693136,60.16046784711405,60.24980691368625
Rajasthan,Khairthal-Tijara,5,5,5,0,0,4.923076923076928,3.247863247863252,0.0
Madhya Pradesh,Narmadapuram,16,5,7,0,0,44.54648106497383,43.251099967833845,39.187636624128565
Madhya Pradesh,Mandsaur,34,5,5,0,0,64.76181947017712,66.5615787167816,69.17296979629202
Rajasthan,Kotputli-Behror,5,5,5,0,0,0.0,0.0,0.0
Bihar,Bhojpur,13,5,6,0,0,43.2515492868574,44.41960089456988,45.219740074030796
Madhya Pradesh,Panna,27,5,4,0,0,60.382081469827945,62.26920581323946,65.35819111803983
Madhya Pradesh,Ratlam,36,5,4,0,1,70.04803661770204,72.84691853144238,76.97834647324214
Maharashtra,Satara,21,5,5,0,0,54.107339622143364,53.46213706860406,53.46751551244053
Nagaland,Dimapur,13,5,4,0,2,42.95431145674799,45.66607289682773,47.75435518772156
Punjab,Ludhiana,8,5,6,0,0,20.343137254901983,19.56188725490199,17.999387254902004
Rajasthan,Sawai Madhopur,14,5,6,1,0,41.15358908339969,38.82540810333585,35.37498306343082
Himachal Pradesh,Una,31,5,4,0,0,61.10595246049349,62.98165343001769,66.46896711694671
Karnataka,Koppal,22,5,5,0,0,65.02222808064622,64.19587023153161,63.23925524032638
Odisha,Kalahandi,16,5,5,0,0,51.35814772577294,52.584837577153294,54.489971665878926
Punjab,Hoshiarpur,12,5,5,0,0,36.528663586584685,33.49169789754782,29.573783479447382
Madhya Pradesh,Chhatarpur,24,5,5,0,1,62.89040600668838,64.92383856713637,67.65498253088262
Rajasthan,Churu,20,5,6,0,0,56.01832174062258,55.65988134805398,54.9976392783494
Gujarat,Kachchh,22,5,5,0,1,64.09373794707716,65.10530939175517,66.11907499632615
Maharashtra,Washim,36,5,5,0,1,70.65325383398168,73.185178385803,77.11275715750568
Gujarat,Devbhumi Dwarka,26,5,5,0,0,63.94713993897209,65.43725141040221,67.46706900371117
Haryana,Panchkula,13,5,6,0,2,43.448466339285204,44.19082089677623,45.40523578985118
Odisha,Nabarangpur,8,5,4,0,0,23.641441356274033,24.517101356414088,26.370047372954353
Rajasthan,Alwar,8,5,6,0,0,16.411966583611935,15.470822036666362,13.588532942775217
Himachal Pradesh,Mandi,8,5,5,0,0,27.886904761904766,28.03757440476192,28.338913690476204
Gujarat,Chhotaudepur,22,5,7,0,1,54.541508262029,54.194354212352145,53.76244329463338
Gujarat,Dahod,22,5,6,0,0,59.03295444098305,60.261119051873806,61.94835786793699
Jharkhand,Pakur,8,5,6,0,0,31.261631870346662,26.8994759804619,26.81405308958126
Gujarat,Surat,21,5,6,0,0,47.92790054022306,47.49185596939603,47.249648410004504
Gujarat,Sabar Kantha,25,5,5,0,1,68.40262025475413,70.16618291564555,71.91372525690178
Karnataka,Bagalkote,11,5,5,0,0,37.27621944083199,37.79047057877846,38.56644760214614
Gujarat,Banas Kantha,15,5,5,0,0,55.21377129180305,56.34849756868654,57.68905253602169
Haryana,Jind,11,5,5,0,1,51.39760023253075,50.86974852166051,48.56719367588934
Maharashtra,Dharashiv,34,5,5,0,0,52.60741874869483,53.11029747739818,53.7290574099029
Madhya Pradesh,Seoni,20,5,6,0,0,59.91083557833148,61.13515544580135,63.026204623150534
Maharashtra,Kolhapur,19,5,5,0,0,60.143881530346384,61.36419174582445,63.453934983798156
Andhra Pradesh,Bapatla,7,5,6,0,0,17.301587301587297,16.472663139329804,14.81481481481481
Madhya Pradesh,Shajapur,16,5,5,0,0,46.490215729490046,46.99407999599564,47.88028075122907
Bihar,Arwal,9,5,5,0,1,33.5799119369099,33.924234483452416,34.21346054966744
Rajasthan,Jaipur (Gramin),8,5,4,0,0,28.339988376233087,26.69394414529686,23.524404703032246
West Bengal,Nadia,7,4,4,0,0,30.04097093382808,27.1115491651206,23.54862399505259
Madhya Pradesh,Shahdol,27,4,4,0,0,66.9949276809354,67.46944756545007,67.71366898025298
Madhya Pradesh,Sheopur,18,4,4,0,0,54.735304636506456,54.80215210540896,55.23726548293027
Maharashtra,Gondia,22,4,4,0,0,69.98201666763786,70.53866491574901,71.628053098839
Bihar,Gopalganj,7,4,5,0,0,19.61254597532793,17.770113285687938,14.959883474921067
Andhra Pradesh,Vizianagaram,8,4,4,0,0,27.41967859435578,24.03130311427777,19.569366968936553
Rajasthan,Didwana-Kuchaman,9,4,4,0,0,42.42456783329245,42.3216078759185,42.11381430200797
Rajasthan,Karauli,13,4,4,0,1,54.52432389639997,54.6410300616805,52.261610277147
Assam,Golaghat,6,4,4,0,1,34.03318903318904,36.29429212762546,38.0026455026455
Assam,Cachar,10,4,5,0,0,51.876752216037936,49.26864306328592,44.98992475778191
Bihar,Siwan,6,4,6,0,0,15.403244631185798,10.302546944703801,5.720899470899471
Chhattisgarh,Balrampur Ramanujganj,15,4,5,0,1,51.27711512358029,50.27931569156041,47.95304963420906
Chhattisgarh,Janjgir-Champa,31,4,4,0,0,66.62352019501456,67.77133531634671,69.660430644836
Chhattisgarh,Sakti,9,4,4,0,0,39.24804330334283,40.04805386909841,41.64807500060956
Madhya Pradesh,Ujjain,31,4,4,0,0,67.11272749610964,70.37889085472587,74.8412342431639
Assam,Dhemaji,13,4,3,0,0,40.983460983460986,44.11854349354349,50.388708513708515
Maharashtra,Latur,33,4,4,0,1,62.45965353927874,65.52973786915075,69.4094261239496
Gujarat,Amreli,21,4,4,0,0,61.327583821870334,64.46544437433496,68.09011270020326
Andhra Pradesh,Parvathipuram Manyam,7,4,4,0,0,30.765818880572983,28.731593456417816,25.09604304100791
Gujarat,Arvalli,13,4,6,0,0,52.95915381830487,51.035244642049534,47.187426289538884
Himachal Pradesh,Solan,10,4,3,0,0,54.00712586466798,55.57898281888614,58.1965734253371
West Bengal,Alipurduar,17,4,5,1,0,59.33222165504438,57.02789194174307,52.81138937788554
Gujarat,Bhavnagar,15,4,5,0,0,54.504893265837275,54.972416735150695,55.75931552562941
Haryana,Ambala,11,4,4,0,1,55.500094198802955,56.951622186198954,59.55067170992566
Odisha,Sambalpur,36,4,5,0,0,69.9528718216107,70.86648694134288,72.15870201648417
Karnataka,Gadag,14,4,3,0,0,62.28728138847076,63.673571412703964,65.52449247499526
Haryana,Palwal,8,4,4,0,0,38.35622710622712,36.47108085151564,32.70078834209271
Haryana,Panipat,7,4,4,0,0,41.763944542809504,37.81005532603706,33.98390954555338
Gujarat,Gir Somnath,19,4,4,0,2,56.907376313560796,58.835923611421684,60.34439885596005
Gujarat,Mahesana,16,4,5,0,0,57.304369436154055,56.02670328818272,54.53703919500504
Gujarat,Mahisagar,18,4,5,0,1,67.34522310123874,68.12397880834068,69.92387350064212
Haryana,Sonipat,16,4,4,0,1,67.92728423839682,68.49675013839018,67.24109528258101
Haryana,Kaithal,8,4,5,0,0,33.158120227085746,32.98395202705548,32.04125615763547
Haryana,Jhajjar,12,4,4,0,0,55.76277757435977,56.89344044297244,60.462714058144165
Jammu and Kashmir,Samba,21,4,6,0,1,50.86208024545249,50.870901036684245,49.8464118765203
Punjab,Amritsar,7,4,4,0,0,28.90753850506173,26.922509894646122,25.26905499041723
Jharkhand,Ramgarh,10,4,4,0,0,32.05180784128152,32.00754143517302,32.102158806106175
Madhya Pradesh,Balaghat,23,4,5,0,0,55.98488911950383,56.78854995507118,57.493319997855835
Gujarat,Panch Mahals,18,4,4,0,0,68.20742977021307,70.99212071889775,73.03739608991643
Gujarat,Morbi,18,4,4,0,2,61.39682121595198,65.09176936248403,67.41010351290053
Maharashtra,Nandurbar,24,4,4,0,0,64.20984268045054,63.95447219310412,63.5477096887515
Punjab,Patiala,8,4,4,0,0,44.920045045045036,45.3611111111111,46.74999999999999
Punjab,Kapurthala,5,4,4,0,0,18.55342465753423,13.505936073059356,7.439530332681008
Madhya Pradesh,Gwalior,21,4,4,0,1,73.31766129535193,73.18724833962632,72.01146060473091
Odisha,Kendrapara,13,4,4,0,1,38.16886908968357,39.86846961903523,42.294460880999345
Rajasthan,Ajmer,11,4,5,0,1,48.35974906505114,48.1618505043218,49.02417026598
Punjab,Mansa,7,4,5,0,0,25.34391534391535,24.51877047115143,23.265306122448994
Madhya Pradesh,Katni,18,4,5,0,0,60.88216385665022,60.35106891495762,59.0277204370805
West Bengal,Murshidabad,6,4,4,0,0,33.484848484848484,31.24819624819625,28.67965367965368
Uttar Pradesh,Jhansi,12,4,3,0,0,52.22045197179006,52.09499649570518,52.57159877104866
Uttar Pradesh,Pilibhit,10,4,4,0,0,38.36080586080587,39.0420227920228,41.23778998778999
Uttar Pradesh,Lucknow,13,4,6,0,0,52.580041909310204,49.909021163376565,45.67809078262041
Madhya Pradesh,Morena,8,4,4,0,1,48.55072463768116,49.932065217391305,50.0
Andhra Pradesh,Alluri Sitharama Raju,11,4,5,0,0,49.393289637192076,49.9216230923548,50.512089536479785
Madhya Pradesh,Mauganj,9,4,4,0,0,41.27337331296222,38.850027475098805,35.74106908326766
Assam,Marigaon,12,4,4,0,1,52.29865964027953,54.2911877394636,56.33825944170772
Tamil Nadu,Tiruppur,27,3,3,0,3,72.933645543829,75.36526545100612,78.2214339284108
Tamil Nadu,Tiruchirappalli,22,3,4,0,0,53.62673285193002,53.67738687749415,52.87722797452387
Tamil Nadu,Thoothukkudi,16,3,3,0,0,74.135288295306,73.5254455962926,72.74965224372036
Tamil Nadu,The Nilgiris,7,3,3,0,0,49.88100135158959,49.11932605209917,47.66091051805338
Tamil Nadu,Pudukkottai,10,3,3,0,1,60.62164741113427,62.19798016535606,62.98590403246224
Tamil Nadu,Dharmapuri,22,3,3,0,2,61.315049475545514,64.28249621594935,69.11652664292646
Tamil Nadu,Cuddalore,20,3,3,0,1,71.11304055809279,71.27622706173374,70.40011991028544
Andhra Pradesh,Ntr,7,3,4,0,0,32.71919879062735,29.396888384983615,24.84977324263038
Jharkhand,Lohardaga,10,3,3,0,1,45.51938445622657,46.083976141212986,45.914633712660034
Gujarat,Anand,12,3,4,0,0,47.40901275035219,46.51301505575023,45.38768633321302
Gujarat,Ahmedabad,14,3,3,0,0,50.829269498694586,51.89124629346754,53.618374486188074
Madhya Pradesh,Mandla,17,3,3,0,0,67.77230597810465,70.63612780445425,72.39653141374805
Andhra Pradesh,Guntur,8,3,3,0,0,51.27687740693196,52.77253304331289,57.107046070460704
Maharashtra,Hingoli,31,3,4,0,0,66.08894802622991,69.3469137497218,73.34956232020306
Maharashtra,Jalgaon,10,3,3,0,0,59.93956262459525,59.769313791135424,57.96540149006942
Andhra Pradesh,West Godavari,5,3,4,0,0,26.965996168582375,23.209025117071096,16.945083014048528
Gujarat,Jamnagar,23,3,4,0,1,62.56693937594419,65.90808037417492,70.64791729983034
Bihar,Purnia,4,3,3,0,0,18.749999999999996,20.4861111111111,23.95833333333332
Delhi,North West,7,3,3,0,0,36.16212886900124,37.71862368135661,39.90995431989221
Gujarat,Gandhinagar,4,3,3,0,0,18.686868686868692,17.568542568542572,19.119769119769124
Odisha,Sundargarh,47,3,5,0,0,69.61812859151046,70.1427641457005,70.91285029404453
Odisha,Rayagada,8,3,2,0,0,55.65523657628921,56.800144300144304,57.774170274170274
Punjab,Barnala,3,3,3,0,0,3.801169590643268,0.5198180636777128,0.0
Maharashtra,Sangli,29,3,4,0,1,66.39802890969065,66.76831242755651,65.70579391970004
Punjab,Ferozepur,7,3,3,0,0,48.39733333074896,45.80902685911945,43.02441846303738
Jharkhand,Sahebganj,7,3,3,0,0,46.412895593019826,47.1040865621611,47.87422360248447
Jharkhand,Jamtara,9,3,1,0,0,38.259570679706954,42.683861358858216,50.42133160604965
Jharkhand,Koderma,6,3,3,0,1,35.54332921979981,36.58026613908967,36.39528771881714
Gujarat,Vadodara,18,3,3,0,0,59.72248530674118,60.809671221802255,61.792672724103355
Gujarat,Surendranagar,22,3,3,0,0,72.72918846304609,76.98869783286366,81.05512371498385
Karnataka,Kolar,25,3,4,0,0,49.05165904171024,51.04906839068199,54.508460610341864
Karnataka,Bengaluru Rural,9,3,3,0,0,48.08807868143952,49.27283475683959,52.359192785775946
Jharkhand,West Singhbhum,5,3,3,0,0,26.216161616161617,24.38873256373256,20.73387445887446
Jharkhand,Saraikela Kharsawan,5,3,3,0,0,38.95524578136464,39.22587701421158,39.76713947990543
Assam,Dhubri,6,3,4,0,0,45.26354627872655,42.484489813448306,38.05655117483074
Bihar,Kishanganj,5,3,3,0,0,22.378961618092053,20.054945054945055,16.602564102564095
Bihar,Aurangabad,8,3,3,0,0,54.417892156862756,54.24381684491979,55.01838235294119
Rajasthan,Kekri,9,3,3,0,0,42.472176350771285,42.18676820669625,42.52130171278486
Tripura,Unakoti,10,3,3,0,0,52.33397683397683,51.210317460317455,48.39157014157014
Maharashtra,Mumbai Suburban,17,3,3,0,0,57.722029581549705,59.38093445059389,63.44593100398054
West Bengal,Dakshin Dinajpur,6,3,3,0,0,39.78347665847666,36.99910543660543,32.07386363636363
West Bengal,Birbhum,24,3,4,0,2,66.68498388692741,68.77817296957275,71.6298263358529
Telangana,Mancherial,4,3,3,0,0,23.846153846153843,26.61782661782662,30.494505494505482
Uttar Pradesh,Ayodhya,9,3,3,0,1,59.43146057525142,59.69881248421554,59.15286855482933
Uttar Pradesh,Ballia,11,3,3,0,0,46.62887777946102,47.94950433729911,50.34338577703218
Gujarat,Porbandar,30,3,3,0,0,72.19078956522364,73.80412185964164,75.60514061967449
Gujarat,Narmada,19,3,3,0,0,61.85792535096491,62.993603777673414,65.61583782407288
Gujarat,Navsari,20,3,5,0,0,56.02436725796292,55.85593736996323,55.519077593963836
Chhattisgarh,Uttar Bastar Kanker,15,3,4,1,0,57.23915959771223,56.62481399243399,54.679051022618275
Chhattisgarh,Rajnandgaon,34,3,3,0,1,69.25829695514184,70.0428705226979,71.01847866478371
Chhattisgarh,KondagaonKeshkal,3,3,3,0,0,4.5454545454545565,0.0,0.0
Uttar Pradesh,Hardoi,8,3,3,0,0,39.716036013947914,41.24283640324932,45.963103848518806
Punjab,Sangrur,3,3,3,0,0,0.0,0.0,0.0
Uttar Pradesh,Ghazipur,6,3,4,0,0,34.76781888715187,34.11795440195649,32.818225431565715
Punjab,Rupnagar,10,3,4,0,0,52.852962032550934,50.42506215443633,48.27948967093441
Rajasthan,Sanchore,6,3,3,0,0,27.340237503452073,28.8221748793414,30.14285714285712
Maharashtra,Wardha,32,3,4,0,1,74.27846806653568,76.18071266858686,78.2411889411763
Rajasthan,Salumbar,11,3,3,0,1,39.73750703043309,40.620276911037784,41.36722741836378
Uttar Pradesh,Amroha,5,3,3,0,0,23.976833976833984,21.349206349206366,16.093951093951105
Uttar Pradesh,Budaun,3,3,3,0,0,7.507861635220135,1.7361111111111234,0.0
Telangana,Suryapet,10,3,3,0,1,54.50819565636499,56.49910438955061,57.51388888888889
Rajasthan,Deeg,9,3,3,0,0,45.38366689719649,43.831886077772694,41.30552501612567
Madhya Pradesh,Dindori,13,3,3,0,0,61.12472924392429,61.170353257137315,60.50745347059202
Bihar,Nawada,8,3,5,0,0,39.051614189812945,34.35286616881836,24.95537012682919
Madhya Pradesh,Indore,35,3,4,0,1,75.73830143053677,77.2088902998958,78.36893047508381
Maharashtra,Amravati,26,3,4,0,0,61.66285961404185,60.9385850907596,59.32295166658441
Madhya Pradesh,Vidisha,20,3,5,0,0,64.0656178627957,64.75716729854906,64.88301237247939
Maharashtra,Chandrapur,31,3,5,0,0,66.11813660099675,67.24319824783696,68.94756536942329
Assam,Sonitpur,9,3,2,0,0,52.65273750825867,54.265664463749545,57.491518374731314
Assam,Bongaigaon,9,3,3,0,0,55.13511937488546,56.64971426667333,58.29001516136019
Bihar,Patna,11,3,2,0,1,58.050407012005756,58.73316077861532,59.61704961704962
Andhra Pradesh,Anakapalli,7,3,3,0,0,35.6282188988956,35.15474361339024,34.792588364016936
Assam,Hailakandi,5,3,3,0,1,41.72077922077922,45.51226551226551,47.76190476190476
West Bengal,Jhargram,20,3,3,0,0,61.60814017810427,63.912345193275726,67.1007151511822
Andhra Pradesh,Dr. B.R. Ambedkar KonaseemaRavulapalem,5,3,4,0,0,14.205334307636093,12.840904477733119,10.112044817927165
Andhra Pradesh,Dr. B.R. Ambedkar KonaseemaI. Polavaram,3,3,3,0,0,4.761904761904767,1.9841269841269884,0.0
West Bengal,Uttar Dinajpur,7,3,3,0,0,52.79958137100995,48.24917146345719,42.12454212454213
Uttar Pradesh,Moradabad,5,3,3,0,0,28.698091382301914,27.810102178523245,29.47368421052632
Uttar Pradesh,Prayagraj,8,3,2,0,0,49.335441623457896,49.206986577136774,48.95007648449452
Uttar Pradesh,Sambhal,3,3,3,0,0,0.0,0.0,0.0
Andhra Pradesh,Dr. B.R. Ambedkar KonaseemaAinavilli,4,2,2,0,0,37.60521393500117,34.41177616709531,28.917757774140753
Uttar Pradesh,Rampur,2,2,2,0,0,6.818181818181812,7.954545454545448,10.22727272727273
Uttar Pradesh,Meerut,5,2,2,0,0,50.25252525252524,50.37461076934759,53.118781802992316
Uttar Pradesh,Mirzapur,3,2,2,0,0,21.491228070175435,23.120300751879697,26.378446115288217
Uttar Pradesh,Jalaun,14,2,3,0,0,77.41068892173891,76.08247694846614,74.69991501881668
Uttar Pradesh,Kannauj,3,2,2,0,0,42.708333333333336,39.43452380952382,33.333333333333336
Uttar Pradesh,Jaunpur,6,2,2,0,1,44.628433933597,48.88277226243765,55.58405929760326
West Bengal,Hooghly,22,2,2,0,0,78.50070182264002,80.44573125489674,82.49931813368447
Uttar Pradesh,Kaushambi,5,2,3,0,0,31.882352941176464,31.65751633986927,31.20784313725489
Uttarakhand,Nainital,8,2,2,0,0,71.49512577038543,70.74423668544489,69.34876543209876
West Bengal,Howrah,15,2,2,0,0,67.89983164983165,69.40516273849607,71.58249158249158
Karnataka,Dharwad,20,2,3,0,0,65.83027646012007,65.07663661800761,63.45932562522198
Madhya Pradesh,Alirajpur,13,2,1,0,0,78.67808336047901,79.51286015411847,81.18241374139741
Madhya Pradesh,Agar-Malwa,15,2,2,0,0,61.29690474441951,64.21668747923307,68.91180850441576
Madhya Pradesh,Chhindwara,14,2,2,0,0,61.44436327666141,61.35495527964472,62.35244314048662
Odisha,Baleshwar,4,2,2,0,1,43.75,45.83333333333333,50.0
Meghalaya,East Garo Hills,10,2,2,0,0,67.58813700918964,66.2005128562146,63.425264550264544
Telangana,Yadadri Bhuvanagiri,8,2,2,0,1,49.906837042031256,54.100356546196174,62.33665700342405
Maharashtra,Chhatrapati Sambhajinagar Soegaon,3,2,2,0,0,31.700854700854688,30.155982905982892,27.066239316239304
Maharashtra,Akola,25,2,2,0,0,78.0943809017171,79.91239163577444,82.56472050782538
Madhya Pradesh,Jhabua,11,2,2,0,1,61.37857039292446,62.63750342338859,63.82961190855928
Maharashtra,Mumbai,6,2,2,0,0,55.37878787878788,55.94997594997596,57.092352092352094
The Dadra And Nagar Haveli And Daman And Diu,Dadra Nagar Haveli,5,2,3,0,0,37.082582582582575,35.572072072072075,33.93993993993994
Tripura,Sepahijala,8,2,3,0,1,62.5,63.6437908496732,65.19607843137254
Uttar Pradesh,Agra,5,2,2,0,0,38.81677251226493,35.027017375760565,32.88610359397996
Uttar Pradesh,Amethi,9,2,2,0,0,54.707567027458715,53.31569930812015,50.19526353274269
Tripura,Gomati,4,2,2,0,0,34.332358674463926,36.01190476190475,36.73941798941798
Andhra Pradesh,Krishna,4,2,2,0,0,41.663136328911726,40.66642359423108,38.46638655462185
Andhra Pradesh,Kurnool,10,2,2,0,1,73.44154084397988,74.77793908891469,75.64179248935346
Andhra Pradesh,Palnadu,10,2,2,0,0,67.09150149235435,67.416628767469,67.02051740291134
Andhra Pradesh,Sri Potti Sriramulu Nellore Muthukur,2,2,2,0,0,16.5909090909091,14.520202020202039,10.378787878787875
Madhya Pradesh,Burhanpur,17,2,2,0,0,70.60801089813482,72.10449244324816,73.516508453462
Madhya Pradesh,Datia,12,2,3,0,0,65.54079783738176,64.34161349099287,61.7580596130299
Madhya Pradesh,Betul,18,2,2,0,0,69.10348658435566,70.08166159464147,72.50097457817604
Madhya Pradesh,Harda,13,2,2,0,0,66.11003767164128,66.47591204174007,66.79358210698942
Jharkhand,Chatra,3,2,2,0,0,21.47215865751335,18.524572300316006,12.629399585921327
Jharkhand,East Singhbum,5,2,2,0,0,42.5548172757475,42.48386858619416,43.50476190476191
Himachal Pradesh,Sirmaur,12,2,2,0,1,75.3430568919964,77.056925175664,77.68368898530431
Jharkhand,Hazaribagh,7,2,2,0,1,53.40652332361516,56.27945821185618,61.57889941690962
Madhya Pradesh,Dhar,15,2,2,0,0,73.06290786869772,74.3295892979314,76.5088891381567
Chhattisgarh,Gaurela Pendra Marwahi,17,2,2,0,0,67.19206759923905,66.9675612406192,66.02835244494815
Bihar,Jamui,13,2,4,0,0,52.45596399935224,51.00330962302259,47.49468261998622
Arunachal Pradesh,East Siang,3,2,2,0,0,19.047619047619047,21.16402116402116,25.396825396825392
Chandigarh,Chandigarh,8,2,2,0,0,64.68825579012092,62.995187191654196,60.603368176538915
Gujarat,Kheda,8,2,2,0,0,48.62879994751495,48.29994062993329,47.325516780304014
Uttar Pradesh,Firozabad,4,2,3,0,0,43.443443443443456,36.20115651365652,29.2792792792793
Uttar Pradesh,Azamgarh,6,2,2,0,0,41.88617188617189,40.47829291876911,39.13645788645788
Telangana,Mahabubabad,6,2,2,0,2,41.96015211640212,45.87301587301588,48.57142857142858
Tamil Nadu,Chennai,22,2,2,0,0,82.79845141834039,83.43683685462003,83.80035750358425
Tamil Nadu,Erode,22,2,2,0,0,74.42683336764082,74.74323383835461,74.51814387351106
Tamil Nadu,Ramanathapuram,12,2,2,0,1,77.89893712844533,78.48458485958486,78.14789377289377
Arunachal Pradesh,Papum Pare,9,2,3,0,0,57.33747412008282,58.46782856996796,60.728537469738285
Andhra Pradesh,Dr. B.R. Ambedkar KonaseemaMummidivaram,2,2,2,0,0,11.868686868686856,6.191378066378051,0.0
West Bengal,South 24 Parganas,6,2,2,0,0,56.76767676767677,57.96296296296296,59.24242424242424
Andhra Pradesh,East Godavari,7,2,2,0,0,29.866799866799862,29.611945594088446,29.102237048665618
Tamil Nadu,Ariyalur,12,2,2,0,0,64.35614551888244,66.76585530489075,69.79313916708874
Rajasthan,Dudu,25,2,4,0,0,72.14593465260064,72.3044075651793,72.36525891010422
Bihar,Banka,7,2,2,0,1,44.70692562797826,45.85915787931243,46.44404566240406
Bihar,Araria,6,2,4,0,0,23.758417508417512,21.59976083587196,17.28244749078084
Rajasthan,Jaipur,3,2,2,0,0,32.55813953488373,33.333333333333336,33.333333333333336
Bihar,Pashchim Champaran,8,2,3,1,0,45.66332972582972,44.264914772727266,41.46808486652236
Bihar,Saran,8,2,2,0,1,47.32718429837689,46.89947440595859,43.838172268180834
Chhattisgarh,Bastar,13,2,2,0,0,54.46426699168284,54.883024808417076,57.08867231001742
Uttar Pradesh,Chitrakoot,8,2,2,0,0,59.032954691310486,59.570370230302366,62.86823337825697
Uttar Pradesh,Etah,5,2,2,0,0,40.35600210600211,37.00892125892127,31.564759564759576
Uttar Pradesh,Etawah,5,2,2,0,0,43.019147519147495,42.80769230769227,42.38478188478186
Punjab,Shahid Bhagat Singh Nagar Nawanshahr,2,2,2,0,0,18.218623481781385,12.463450292397699,1.2820512820512775
Punjab,Malerkotla,2,2,2,0,0,0.0,0.0,0.0
Punjab,Sri Muktsar Sahib,9,2,3,0,0,47.424752377867925,46.88922812242366,45.745080196330456
Bihar,Bhagalpur,9,2,1,0,0,59.53804965086478,58.881794823477875,57.56928516870408
Rajasthan,Rajsamand,22,2,2,0,0,62.40214693872249,64.01770518182144,66.4531771240848
Assam,Nagaon,12,2,2,0,0,70.10427663705127,72.15893823752529,75.09861254443298
Punjab,Fazilka,11,2,3,0,0,63.53970741901776,60.31501125789919,54.76077741702741
Punjab,Fatehgarh Sahib,9,2,4,2,0,56.65456862825284,52.256165699148156,45.60360935360936
Maharashtra,Raigad,16,2,3,0,0,62.59270358485129,62.55862656770578,62.47962183897031
Haryana,Rewari,4,2,2,0,0,53.57142857142857,50.0,45.3125
Haryana,Rohtak,7,2,2,0,0,56.35116115411682,54.10352646805848,52.09125029322074
Haryana,Kurukshetra,3,2,3,0,0,17.846153846153907,11.23809523809527,5.714285714285743
Himachal Pradesh,Hamirpur,4,2,2,0,0,49.82746721877157,51.00133712905453,52.94146825396825
Odisha,Jagatsinghapur,12,2,2,0,0,58.238248325830675,59.15467205596406,60.53373800362582
Rajasthan,Balotra,7,2,3,1,0,49.82017255119365,49.46609226599525,48.75793169559843
Rajasthan,Dholpur,13,2,2,0,0,62.10642846024997,61.19487197605736,61.84861369351643
Rajasthan,Bhilwara,15,2,3,0,0,55.689568029074714,56.31617228786135,56.54782649240483
Uttar Pradesh,Gautam Buddha Nagar,4,2,2,0,0,33.59375,36.5234375,41.60156249999999
Uttar Pradesh,Basti,3,2,2,0,0,20.392156862745086,17.88671023965141,12.875816993464044
Telangana,Mulugu,11,2,2,0,0,53.28230752419393,54.44508610117539,57.3318104829722
Telangana,Nirmal,7,2,2,0,0,58.067866554007274,60.163069709978025,63.48767515611865
Andhra Pradesh,Chittoor,3,1,0,0,1,45.191074883402166,52.722920697302534,66.41406330549542
Uttarakhand,Champawat,4,1,1,0,1,50.80983709273182,53.43284426343636,55.44225146198828
Uttar Pradesh,Sultanpur,6,1,1,0,0,62.83729301973087,64.40734931111835,67.54746189389333
West Bengal,Cooch Behar,7,1,1,0,2,76.72619047619047,79.4642857142857,82.85714285714288
Andhra Pradesh,Prakasam,5,1,2,0,0,37.70347394540943,36.382591422914004,33.74082637792315
Uttar Pradesh,Lalitpur,12,1,1,0,0,61.55748529053876,62.81310047890133,65.32433085562649
Uttar Pradesh,Mahrajganj,3,1,1,0,0,31.64112388250318,29.601193326947623,25.521332215836512
Uttar Pradesh,Mainpuri,3,1,2,0,0,33.72549019607843,30.65795206971678,24.522875816993462
Jharkhand,Bokaro,5,1,1,0,0,60.23337127988291,62.53940826615245,66.47840531561461
Jharkhand,Godda,7,1,1,0,0,63.558937088348856,62.74307573152111,62.10418258212376
Jharkhand,Gumla,3,1,1,0,0,70.49783549783551,70.91179653679654,67.85714285714288
Jharkhand,Latehar,6,1,2,0,1,42.679382007109645,44.814191960623454,47.00047853431775
Madhya Pradesh,Anuppur,19,1,2,0,2,67.52624799910127,68.22711020821721,68.44180110858848
Gujarat,Tapi,11,1,1,0,1,73.83838383838385,75.03093434343435,74.87058080808082
Jharkhand,Palamu,5,1,1,0,0,58.229703402494366,59.803001097774406,65.926340674381
Jharkhand,Simdega,9,1,1,0,1,62.174560332455066,62.51775535025326,60.415029739591155
Karnataka,Chikkaballapura,10,1,1,0,0,55.687807027524435,58.619318571932034,64.06567499408057
Maharashtra,Parbhani,37,1,4,1,0,64.22219830399085,66.35405487965131,69.82400753262692
Meghalaya,West Garo Hills,2,1,2,0,0,18.75000000000001,16.250000000000007,11.250000000000032
Odisha,Deogarh,10,1,1,0,0,78.66144018583043,80.69681034111929,82.08333333333333
Maharashtra,Bhandara,32,1,1,0,0,80.49693438293814,81.30204617000591,82.02420628926055
Madhya Pradesh,Damoh,18,1,1,0,0,68.38217388670485,69.30777640620376,69.29465700023191
Madhya Pradesh,Dewas,22,1,0,0,0,80.72500849414733,82.21838553415286,84.05611807040553
Madhya Pradesh,Bhind,18,1,1,0,1,87.30020130675743,88.58729294970959,89.25160897486941
Odisha,Bhadrak,10,1,2,1,2,79.99536541889483,80.48082647200295,77.67952635599696
Tripura,North Tripura,6,1,1,0,0,76.29521016617791,76.66666666666667,78.48484848484848
Tripura,Khowai,5,1,1,0,0,59.83753501400561,64.39477842419018,67.75763125763126
Uttar Pradesh,Aligarh,5,1,2,0,0,45.85783298826777,44.5012077294686,41.78795721187025
Andhra Pradesh,Sri Sathya Sai,2,1,1,0,0,44.66911764705881,47.14460784313725,52.095588235294116
Andhra Pradesh,Sri Potti Sriramulu Nellore Manubolu,2,1,1,0,0,35.71428571428571,38.69047619047619,44.64285714285714
TelanganaYadadri Bhuvanagiri,Valigonda,1,1,1,0,0,0.0,0.0,0.0
Telangana,Vikarabad,11,1,2,0,0,67.0845249270645,69.28182119072231,72.37771241933666
Maharashtra,Nanded,28,1,1,0,2,87.65772300434863,90.65990446079913,93.44641982463827
The Dadra And Nagar Haveli And Daman And Diu,Diu,3,1,1,0,0,54.76190476190476,57.823129251700685,63.94557823129251
Madhya Pradesh,Khandwa (East Nimar),19,1,1,0,1,81.41665170915635,82.54007336324972,83.24169946174557
Madhya Pradesh,Pandhurna,12,1,1,0,0,78.604408228585,78.85263413528335,79.34908594868007
Madhya Pradesh,Khargone (West Nimar),15,1,1,0,0,77.57758679533706,78.72973971273478,79.7794766929614
Maharashtra,Chhatrapati Sambhajinagar Sillod,4,1,1,0,0,70.97402597402598,69.29563492063492,67.41071428571428
Madhya Pradesh,Umaria,14,1,1,0,0,76.42675092373563,78.83546106393861,80.93491272477982
Maharashtra,Ahmednagar,30,1,1,0,1,75.24728223190938,76.81894662731419,79.0540202206993
Andhra Pradesh,Sri Potti Sriramulu Nellore,10,1,2,0,0,49.98413094513019,51.54891181616348,54.67847355823005
Andhra Pradesh,Tirupati,7,1,1,0,0,47.573487362250056,50.786136591193845,57.21143504908142
The Dadra And Nagar Haveli And Daman And Diu,Daman,2,1,1,0,0,50.0,50.0,50.0
Uttar Pradesh,Rae Bareli,8,1,1,0,0,68.02244706513,67.15695653391647,66.72061832863226
Uttar Pradesh,Muzaffarnagar,7,1,1,0,0,58.21844821844822,59.37021312021313,61.67374292374294
Uttar Pradesh,Shamli,3,1,1,0,0,69.28182137834035,70.72784810126582,71.53656821378341
Assam,Jorhat,11,1,1,0,0,63.80808602879051,66.51954285062865,71.00662761729956
Uttar Pradesh,Kasganj,2,1,1,0,0,47.05882352941176,46.691176470588225,45.95588235294117
Assam,Charaideo,1,1,1,0,0,10.000000000000009,3.125,0.0
Assam,Karimganj,7,1,2,0,0,50.26109960892569,48.68223295759527,45.52449965493444
Assam,Kamrup,8,1,1,0,0,65.2529125966626,63.72771390132501,60.677316510649845
Uttarakhand,Uttar Kashi,4,1,1,0,1,61.256477230003924,60.77201718242513,59.38257451686865
Uttar Pradesh,Mau,4,1,1,0,0,28.53365071083865,29.12928906472665,30.320565772502633
Uttar Pradesh,Siddharthnagar,8,1,1,0,0,60.264008620689665,57.65252501064283,52.429557790549175
Uttar Pradesh,Saharanpur,7,1,1,0,0,78.94320518905236,81.17913832199545,82.99319727891157
Telangana,Nalgonda,2,1,1,0,0,51.57976137870084,50.33755585014975,47.853144793047576
Telangana,Kumuram Bheem Asifabad Rebbena,1,1,1,0,0,0.0,0.0,0.0
Telangana,Khammam,5,1,1,0,0,36.87891663271443,39.43102522812667,44.535242418951164
Telangana,Jayashankar Bhupalapally,6,1,1,0,0,71.17622464855826,70.58034153763906,69.87953138815207
Haryana,Faridabad,2,1,1,0,0,54.3478260869565,51.90217391304345,50.0
Odisha,Kandhamal,4,1,1,0,1,54.55043859649124,58.77192982456141,66.91729323308272
Telangana,Peddapalli,5,1,1,0,0,61.43849878934625,60.17523348322379,57.915369537645574
Telangana,Ranga Reddy,8,1,1,0,0,57.091946081606906,60.44437194455514,66.27473807374379
Odisha,Jharsuguda,15,1,1,0,0,76.66329966329967,77.39132061354283,78.40291806958474
Haryana,Gurugram,2,1,1,0,0,32.722900480947075,24.946818349981484,22.91666666666663
Haryana,Charki Dadri,1,1,1,0,0,0.0,0.0,0.0
Haryana,Yamunanagar,10,1,1,0,1,74.21498599439776,76.33258303321328,79.83248299319727
Delhi,West,8,1,1,0,1,65.77918218443304,68.80790565650533,73.49668560606061
Haryana,Fatehabad,5,1,1,0,0,55.086590038314185,57.00727969348659,59.55555555555556
Gujarat,Botad,9,1,1,0,1,77.04779947320165,81.14527023727732,87.61337868480726
Delhi,South East,2,1,1,0,0,50.0,50.0,50.0
Gujarat,Bharuch,22,1,2,0,1,55.82895725294559,57.290875572825094,59.121217135392506
Uttar Pradesh,Hapur,4,1,1,0,0,58.84740259740262,58.51461038961041,56.42857142857143
Uttar Pradesh,Gorakhpur,1,1,1,0,0,19.999999999999986,18.518518518518512,15.555555555555555
Uttar Pradesh,Ghaziabad,2,1,1,0,0,42.559523809523824,34.35374149659864,24.489795918367346
Chhattisgarh,MungeliMungeli,1,1,1,0,0,11.764705882352944,0.7352941176470673,0.0
Chhattisgarh,MungeliLormi,5,1,1,0,0,63.87480531136981,62.42603340536341,61.528489593350606
Chhattisgarh,MahasamundPithora,2,1,1,0,0,53.773584905660364,50.0,50.0
Delhi,East,4,1,2,0,0,49.15458937198068,46.21074879227054,40.32306763285024
Delhi,Central,7,1,2,0,0,60.53744574752977,58.71917997968418,56.763320712900544
Bihar,Samastipur,9,1,1,0,0,58.712012289910845,60.44567325641199,63.91299518941428
Gujarat,Junagadh,17,1,1,0,1,67.36688217392175,70.15702538576564,73.96190157478789
Gujarat,Rajkot,21,1,1,0,2,81.93685127711339,85.26313817383347,88.17667947132233
Gujarat,Patan,7,1,1,0,0,84.24767065191338,85.29666029087241,86.27419138951878
Uttar Pradesh,Balrampur,13,1,1,0,0,65.65543368145178,65.46231101519562,65.07606568268332
Uttar Pradesh,Banda,10,1,1,0,1,73.52738745771532,78.09564235530277,81.62529274004683
Uttar Pradesh,Chandauli,7,1,1,0,0,61.38020564303663,65.55824084019572,71.3733739109679
Uttar Pradesh,Auraiya,6,1,3,0,0,58.18716361294255,53.841522644288716,45.150240706981045
Telangana,Jagitial,7,1,1,0,0,79.10369147659063,79.78167266906762,78.4590636254502
Telangana,Hanumakonda,5,1,1,0,2,45.460317460317455,53.68707482993197,63.91836734693877
Uttar Pradesh,Bulandshahr,1,1,1,0,0,4.999999999999982,0.0,0.0
Uttar Pradesh,Bhadohi,4,1,1,0,0,42.72595827833219,48.95571996020514,61.415243323951
Uttar Pradesh,Bara Banki,6,1,1,0,1,65.53485162180813,70.11819232833726,73.36182336182337
Uttar Pradesh,Fatehpur,8,1,3,1,0,57.277857011409644,56.86762616038932,54.20057354925776
Telangana,Bhadradri Kothagudem,5,1,1,0,1,72.53557744937055,76.96890394088669,80.07662835249042
Puducherry,Pondicherry,5,1,1,0,0,76.08898944193061,79.29263029998324,84.11764705882352
Telangana,Mahabubnagar,2,1,1,0,1,44.53125000000001,51.953125,59.37500000000001
Telangana,Medak,6,1,1,0,0,65.40576869524239,65.62671814864797,65.27496626180836
Telangana,Medchal Malkajgiri,6,1,1,0,0,61.13258148330809,64.88759278190287,70.50787890197732
Telangana,Nagarkurnool,2,1,1,0,0,30.35714285714286,29.389880952380953,27.45535714285714
Uttar Pradesh,Farrukhabad,2,1,1,0,0,19.999999999999996,21.499999999999996,24.499999999999993
Assam,Udalguri,10,1,1,0,1,54.32919762048522,57.73725835118048,62.44811665467627
Chhattisgarh,KabeerdhamKawardha,4,1,1,0,0,52.109330135248,51.79772233054037,51.17450672112512
Rajasthan,Pali,9,1,1,0,1,70.75272116442301,76.17748680446408,79.97879313668788
Bihar,Gaya,5,1,2,0,0,46.92384396362195,45.060993365473344,41.335292169176135
Bihar,Madhubani,5,1,2,0,0,60.78787878787879,62.10858585858587,63.5
Bihar,Lakhisarai,9,1,1,0,0,67.76140234893047,68.69282195636875,68.70846039565251
Arunachal Pradesh,Kamle,1,1,1,0,0,0.0,0.0,0.0
Arunachal Pradesh,Changlang,4,1,1,0,0,53.56505336768494,51.31364249785303,50.01594896331737
Chhattisgarh,KabeerdhamPandariya,2,1,0,0,0,61.53846153846153,62.17948717948717,63.46153846153847
Bihar,Vaishali,9,1,2,0,0,50.70785678366243,51.22841957066999,52.26954514468511
Assam,Darrang,6,1,1,0,0,52.61363636363637,49.78595478595478,48.373015873015866
Bihar,Sheohar,1,1,1,0,0,0.0,0.0,0.0
Assam,Sivasagar,3,1,1,0,1,58.7962962962963,65.74074074074075,66.66666666666667
Punjab,S.A.S Nagar,7,1,2,0,0,71.3718055823319,69.52641702954986,65.83563992398578
Bihar,Kaimur (Bhabua),6,1,2,0,0,43.83939710315284,42.83758917261929,41.38042139898386
Rajasthan,Jodhpur,4,1,1,0,0,52.42187499999999,54.01041666666666,57.18749999999999
Rajasthan,Jhunjhunu,1,1,1,0,0,0.0,0.0,0.0
Assam,West Karbi Anglong,5,1,2,0,0,60.49197860962566,60.08861726508785,56.92895339954164
Bihar,Jehanabad,10,1,3,0,1,56.73439769568959,56.137590710211256,52.636284431562274
Tamil Nadu,Mayiladuthurai,4,1,1,0,0,62.82840722495895,62.04809797482211,60.48747947454845
Tamil Nadu,Kanniyakumari,5,1,1,0,0,44.71924154277096,50.7175465057818,59.85701357466063
Tamil Nadu,Tiruvannamalai,8,1,1,0,1,56.934185852223415,61.569125748110494,68.62471982559894
Tamil Nadu,Namakkal,6,1,1,0,0,79.29667337479104,76.86689770247722,74.87613913489925
Rajasthan,Gangapurcity,6,1,1,0,0,67.19642993289962,65.72646393938358,63.00801589476569
Tamil Nadu,Dindigul,13,1,2,0,0,69.13656857251812,69.38820038484003,67.90763778560192
Andhra Pradesh,Dr. B.R. Ambedkar KonaseemaSakhinetipalle,1,1,1,0,0,0.0,0.0,0.0
Andhra Pradesh,Dr. B.R. Ambedkar KonaseemaRazole,1,1,1,0,0,0.0,0.0,0.0
Andhra Pradesh,East GodavariAnaparthy,1,1,1,0,0,0.0,0.0,0.0
Andhra Pradesh,East GodavariGokavaram,2,1,1,0,0,26.683716965046894,25.381263616557735,27.12418300653595
Andhra Pradesh,Dr. B.R. Ambedkar KonaseemaAmbajipeta,2,1,1,0,0,50.0,50.0,50.0
Andhra Pradesh,Eluru,4,1,1,0,0,55.05229419703103,51.77640950667266,47.788742690058484
Andhra Pradesh,Ananthapuramu,4,1,1,0,0,36.3991192408227,39.49531274348056,45.687699748796284
Andhra Pradesh,Dr. B.R. Ambedkar KonaseemaKothapeta,2,1,1,0,0,58.16053511705685,52.64882943143812,41.62541806020066
Andhra Pradesh,Dr. B.R. Ambedkar KonaseemaMamidikuduru,1,1,1,0,0,0.0,0.0,0.0
Andhra Pradesh,Dr. B.R. Ambedkar KonaseemaMandapeta,1,1,1,0,0,0.0,0.0,0.0
Andhra Pradesh,Dr. B.R. Ambedkar KonaseemaAtreyapuram,1,0,0,0,0,46.96969696969697,45.757575757575765,43.33333333333334
Andhra Pradesh,Dr. B.R. Ambedkar KonaseemaMalikipuram,2,0,1,0,0,50.00000000000001,49.58333333333336,48.75000000000004
Andhra Pradesh,Dr. B.R. Ambedkar KonaseemaPamarru,1,0,0,0,0,50.0,48.80952380952381,46.42857142857143
Andhra Pradesh,Nandyal,5,0,0,0,0,66.40822140822141,69.9233894412466,75.19548374905519
Andhra Pradesh,Sri Potti Sriramulu Nellore Marripadu,1,0,0,0,0,100.0,100.0,100.0
Uttar Pradesh,Sitapur,3,0,1,0,0,53.2250233426704,56.14005602240896,61.970121381886095
Uttar Pradesh,Unnao,2,0,0,0,0,88.23529411764707,90.80882352941177,95.95588235294119
Uttar Pradesh,Varanasi,2,0,0,0,1,75.12820512820512,81.25,81.11263736263737
West Bengal,Bankura,28,0,0,0,5,69.76514493697282,74.1101613539709,78.77055152709521
West Bengal,Kolkata,3,0,0,0,0,84.88933827659814,83.65609000593832,81.18959346461874
West Bengal,Malda,20,0,0,0,0,79.26612666897815,81.55516015672362,84.85889846792112
West Bengal,North 24 Parganas,8,0,0,0,0,83.39557080855448,83.83321839265078,84.10325040294863
West Bengal,Paschim Medinipur,10,0,1,0,0,80.57296494355319,82.90196856520386,86.45084882437824
West Bengal,Purba Bardhaman,7,0,0,0,0,81.23861976803153,82.45516511447883,79.92433084344849
West Bengal,Purba Medinipur,4,0,0,0,1,78.81475225225225,83.22574806949807,87.38839285714286
West Bengal,Purulia,21,0,0,0,2,85.55741571544615,88.56802690154517,91.40498555929823
Andhra Pradesh,Dr. B.R. Ambedkar KonaseemaAmalapuram,3,0,1,1,0,43.51851851851851,42.168209876543195,39.46759259259258
Tamil Nadu,Chengalpattu,20,0,1,0,1,83.60203661112828,84.58251686737437,84.1303510013981
Tamil Nadu,Coimbatore,12,0,1,0,0,70.42671951763803,71.12755608619987,72.29113398522833
Tamil Nadu,Kallakurichi,3,0,0,0,0,70.96296296296296,72.8037037037037,76.48518518518517
Tamil Nadu,Karur,6,0,0,0,2,64.94822982975703,73.03325063233738,85.20989289756413
Tamil Nadu,Krishnagiri,1,0,0,0,1,68.42105263157895,82.10526315789475,100.0
Tamil Nadu,Madurai,8,0,0,0,0,97.27350347739691,98.07502104377105,98.44854797979798
Tamil Nadu,Nagapattinam,8,0,0,0,0,91.07905982905983,92.01770451770452,93.89499389499389
Tamil Nadu,Perambalur,13,0,0,0,0,76.61369768604666,81.09545208148455,88.12045667176673
Tamil Nadu,Salem,5,0,0,0,2,81.8449816795405,90.72133095662507,95.51515151515153
Tamil Nadu,Tenkasi,1,0,0,0,0,88.13559322033898,91.29429892141758,97.61171032357473
Tamil Nadu,Theni,10,0,0,0,0,97.11197209824411,97.92810659186536,98.11464235624123
Tamil Nadu,Thiruvallur,15,0,0,0,1,84.58978649871435,86.50932146984934,88.09839813904856
Tamil Nadu,Thiruvarur,6,0,0,0,0,76.89988116458704,75.9548566901508,74.06480774127833
Tamil Nadu,Tirupathur,10,0,0,0,4,90.61063365502618,96.6486161986162,99.01666666666667
Tamil Nadu,Vellore,8,0,0,0,2,79.09422739916278,83.47548316583527,84.72573288569924
Rajasthan,Jalore,4,0,0,0,0,61.39246208610975,66.07763051874079,74.46757522714012
Rajasthan,Nagaur,3,0,1,1,0,54.88721804511281,50.31328320802004,41.16541353383471
Rajasthan,Neem Ka Thana,2,0,0,0,0,78.47124824684433,80.43478260869566,78.98550724637681
Rajasthan,Phalodi,1,0,0,0,0,56.000000000000014,54.50000000000003,51.49999999999999
Rajasthan,Shahpura,6,0,0,0,0,66.26015474195118,67.72870092339302,67.4156447420105
Rajasthan,Sirohi,15,0,0,0,1,76.31812893866734,79.15465177672557,83.77419177188536
Punjab,Shahid Bhagat Singh Nagar Aur,1,0,0,0,0,75.24752475247524,78.40020844189681,84.70557582073998
Tamil Nadu,Viluppuram,10,0,0,0,0,95.00529734118125,96.45637558351939,97.23557692307693
Tamil Nadu,Virudhunagar,7,0,0,0,0,100.0,100.0,100.0
Telangana,Adilabad,1,0,0,0,0,100.0,100.0,100.0
Telangana,Hyderabad,1,0,0,0,0,100.0,100.0,100.0
Telangana,Jangaon,6,0,0,0,1,93.3243928915341,97.75726990400904,100.0
Telangana,Jogulamba Gadwal,3,0,0,0,1,79.48717948717949,82.47863247863249,81.25
Telangana,Kamareddy,5,0,0,0,1,97.93103448275863,100.0,100.0
Telangana,Karimnagar,5,0,0,0,3,62.72228465451466,73.17599876360043,88.25063211125159
Telangana,Kumuram Bheem Asifabad Sirpur (T),1,0,1,0,0,33.33333333333333,29.166666666666675,20.833333333333336
Telangana,Narayanpet,3,0,0,0,0,65.35483738121467,68.61058570936672,73.39444008924802
Telangana,Nizamabad,4,0,0,0,0,94.50549450549451,96.88208616780045,97.78911564625851
Telangana,Rajanna Sircilla,1,0,0,0,0,68.67469879518072,76.30522088353413,91.56626506024097
Telangana,Sangareddy,7,0,0,0,0,76.3834536493265,79.6942144603082,85.62588267612043
Telangana,Siddipet,6,0,0,0,0,75.0338106733224,76.97987769746668,79.42273638343636
Puducherry,Karaikal,3,0,0,0,0,97.05882352941177,97.67156862745098,98.8970588235294
Punjab,Gurdaspur,7,0,2,0,0,65.81427442771981,64.16288737717309,59.73966509680797
Maharashtra,Yavatmal,35,0,1,0,3,79.23754176167296,80.97188689324763,82.72281327035746
Meghalaya,East Khasi Hills,7,0,0,0,0,72.96157593472172,71.78818387258285,69.44139974830513
Meghalaya,Eastern West Khasi Hills,1,0,0,0,0,100.0,100.0,100.0
Meghalaya,North Garo Hills,6,0,0,0,0,70.01442565754161,69.96648390972062,68.4817115251898
Meghalaya,Ri Bhoi,5,0,0,0,0,57.66666666666667,61.033333333333324,67.76666666666665
Meghalaya,West Jaintia Hills,2,0,0,0,0,100.0,100.0,100.0
Maharashtra,Chhatrapati Sambhajinagar Aurangabad,6,0,0,0,0,91.38621794871796,94.07609696300172,96.67044595616024
Maharashtra,Chhatrapati Sambhajinagar Gangapur,2,0,0,0,0,68.39330024813896,70.19115890083631,71.86379928315412
Maharashtra,Chhatrapati Sambhajinagar Kanand,5,0,0,0,1,64.82912353347135,67.86300092017481,73.06119047619048
Maharashtra,Chhatrapati Sambhajinagar Khultabad,3,0,0,0,0,85.90419429898121,90.9717736071399,96.27488760436738
Maharashtra,Chhatrapati Sambhajinagar Paithan,4,0,0,0,0,72.81193538551877,75.1408176319179,79.79858212471615
Maharashtra,Chhatrapati Sambhajinagar Vaijapur,4,0,0,0,0,45.08437330009911,46.73159356627099,50.02603409861474
Maharashtra,DharashivKalamb,1,0,0,0,0,47.36842105263158,50.32894736842106,56.250000000000014
Telangana,Wanaparthy,2,0,0,0,0,62.93260473588342,62.09016393442623,60.40528233151184
Telangana,Warangal,6,0,0,0,1,58.64725328190025,63.694798481333784,73.3489717726171
TelanganaYadadri Bhuvanagiri,Thurkapally,2,0,0,0,1,56.98462929475587,66.22965641952982,81.42857142857142
TelanganaYadadri Bhuvanagiri,Yadagirigutta,2,0,0,0,1,67.0246179966044,78.3370118845501,93.0263157894737
Tiruchirappalli,Turaiyur,2,0,0,0,0,54.27334684103887,59.065512371830295,68.64984343341315
Tiruchirappalli,Uppiliapuram,2,0,0,0,0,97.95081967213115,100.0,100.0
Tiruchirappalli,Vaiyampatti,1,0,0,0,0,60.91954022988506,60.501567398119114,59.66562173458725
Tirunelveli,Ambasamudram,2,0,0,0,0,87.5,87.5,87.50000000000001
Tirunelveli,Cheranmahadevi,1,0,0,0,0,100.0,100.0,100.0
Tirunelveli,Kalakadu,3,0,0,0,0,95.41176470588236,99.01960784313725,100.0
Tirunelveli,Manur,3,0,0,0,0,85.11430090377458,89.8989898989899,95.95959595959596
Tirunelveli,Palayamkottai,2,0,0,0,0,90.1219512195122,100.0,100.0
Tirunelveli,Valliyoor,3,0,0,0,0,96.69421487603306,99.2653810835629,100.0
Tirupathur,Alangayan,3,0,0,0,0,64.29411764705883,71.93725490196078,78.39999999999999
Tripura,Dhalai,2,0,0,0,0,45.0,48.095238095238095,54.28571428571428
Tripura,West Tripura,3,0,0,0,0,32.36763236763237,35.23686190352857,40.975320975320976
Uttar Pradesh,Ambedkar Nagar,4,0,1,0,0,41.961611345436765,41.04178006960879,39.20211751795284
Madhya Pradesh,Niwari,8,0,0,0,1,82.48275565729914,85.91869819011083,91.26406096180686
Madhya Pradesh,Sagar,17,0,0,0,0,77.74059044276413,79.10372097760455,80.04623824673486
Madhya Pradesh,Barwani,7,0,0,0,0,89.6591390128093,90.3357851961465,91.68907756282091
Jammu and Kashmir,Reasi,7,0,0,0,0,60.72406037513819,61.87860404372551,64.18769138090018
Jammu and Kashmir,Udhampur,7,0,0,0,0,52.300503755879,56.33408392092469,64.40124425101605
Jharkhand,Deoghar,2,0,0,0,0,59.52380952380952,60.342261904761905,61.97916666666667
Jharkhand,Dhanbad,10,0,0,0,1,72.75310440298354,73.03602193423909,73.60185699675023
Jharkhand,Giridih,9,0,0,0,1,72.62463440826015,74.86633979600464,75.24175979683622
Jharkhand,Ranchi,1,0,0,0,1,86.36363636363636,100.0,100.0
Haryana,Hisar,12,0,0,0,3,77.5438093482792,82.08232345922418,87.23891712798257
Haryana,Mahendragarh,1,0,0,0,0,36.53846153846154,34.254807692307686,29.6875
Haryana,Nuh,6,0,0,0,2,87.98707541374152,93.3358972701289,98.22591847836645
Himachal Pradesh,Kullu,3,0,1,1,0,71.47286821705426,67.07364341085271,58.27519379844961
Delhi,South West,10,0,0,0,1,90.44653898652487,95.10581008649483,98.03571428571429
Uttar Pradesh,Bahraich,3,0,0,0,0,73.63834422657952,76.53283535636477,82.32181761593525
Uttar Pradesh,Bareilly,3,0,0,0,0,63.75661375661377,67.43092298647854,74.77954144620811
Uttar Pradesh,Bijnor,2,0,0,0,0,61.66666666666668,63.395061728395085,66.85185185185188
Uttar Pradesh,Deoria,1,0,1,0,0,34.48275862068966,31.034482758620708,24.137931034482772
Uttar Pradesh,Gonda,3,0,0,0,1,50.5981136415919,54.68368990108121,62.85484242005981
Uttar Pradesh,Hamirpur,4,0,0,0,0,99.13793103448276,100.0,100.0
Uttar Pradesh,Hathras,3,0,1,0,0,66.63157894736841,63.45057087162348,57.08855472013363
Chhattisgarh,Khairagarh Chhuikhadan GandaiChhuikhadan,3,0,0,0,0,80.36130536130536,77.92994042994043,73.06721056721057
Chhattisgarh,Khairagarh Chhuikhadan GandaiKhairagarh,3,0,0,0,0,100.0,100.0,100.0
Chhattisgarh,KondagaonKondagaon,4,0,0,0,0,87.82131661442006,92.72727272727272,96.81818181818181
Chhattisgarh,KondagaonPharasgaon,3,0,0,0,0,73.66946778711485,76.97478991596638,83.58543417366947
Chhattisgarh,KorbaKartala,1,0,0,0,0,100.0,100.0,100.0
Chhattisgarh,Manendragarh Chirmiri Bharatpur Mcb,5,0,0,0,0,90.29494024917366,93.41242599251753,97.58390541571319
Chhattisgarh,Manendragarh Chirmiri Bharatpur McbManendragarh,3,0,1,0,1,46.072715797166445,47.800587971498324,51.2563323201621
Chhattisgarh,Mohla Manpur Ambagarh ChoukiA.Chowki (Td),1,0,0,0,0,51.85185185185186,46.75925925925927,36.57407407407407
Chhattisgarh,Mungeli,4,0,0,0,0,79.03846153846153,78.11965811965811,76.28205128205127
Delhi,Nazul Land,2,0,0,0,0,96.15384615384616,97.11538461538461,99.03846153846155
Delhi,New Delhi,6,0,0,0,1,95.91666666666667,98.9861111111111,100.0
Delhi,Shahdara,1,0,0,0,0,100.0,100.0,100.0
Delhi,South,3,0,0,0,0,75.38392050587174,78.99728997289976,82.52032520325207
Bihar,Rohtas,8,0,0,0,0,61.74389650644207,61.410911874659085,60.74494261109312
Chhattisgarh,Gariyaband,8,0,1,0,0,71.20910613658086,69.33978297216007,65.60113664331848
Chhattisgarh,Kabeerdham,3,0,0,0,0,93.5786435786436,94.44444444444444,94.44444444444444
Chhattisgarh,KabeerdhamS.Lohara,3,0,0,0,0,78.60907441560583,81.72751450676982,86.41400709219859
Assam,Nalbari,1,0,0,0,1,83.87096774193549,95.85253456221197,100.0
Assam,Tamulpur,2,0,1,0,0,66.15384615384615,64.43223443223442,57.14285714285714
Assam,Tinsukia,11,0,0,0,0,84.67157842157843,85.07302882302882,85.87592962592963
Bihar,Darbhanga,5,0,0,0,0,74.4591212458287,75.67541977858997,78.10801684411251
Bihar,Munger,9,0,0,0,0,72.54370504918064,71.97146169581332,70.82697498907866
Bihar,Muzaffarpur,9,0,0,0,0,70.58290223044875,70.0351372839499,68.93960739095218
Andhra Pradesh,Y.S.R.,6,0,0,0,0,67.63419968189704,73.64808547477134,81.39536416160594
Arunachal Pradesh,Lower Subansiri,1,0,0,0,0,86.66666666666666,84.99999999999997,81.66666666666664
Arunachal Pradesh,Namsai,1,0,0,0,0,71.875,68.75,62.5
Arunachal Pradesh,Tirap,3,0,0,0,0,94.11764705882354,94.26289034132172,94.55337690631808
Assam,Bajali,1,0,0,0,0,100.0,100.0,100.0
Assam,Barpeta,3,0,0,0,0,85.97030486051193,89.31650049531844,93.82309941520468
Assam,Chirang,1,0,0,0,0,87.87878787878786,90.04329004329003,94.37229437229435
Assam,Dibrugarh,4,0,0,0,0,66.28649128649128,68.16855983522649,71.93269693269693
Assam,Goalpara,12,0,0,0,0,77.03465937657114,76.48567119155355,74.55436148818502
Assam,Hojai,3,0,0,0,0,61.654719235364404,61.18495287402097,60.24542015133412
Assam,Kamrup Metro,8,0,0,0,1,72.02020202020202,73.71460137085137,74.96054292929293
Uttar Pradesh,Kanpur Dehat,4,0,0,0,1,82.80668424317618,86.16216053212021,89.04246794871794
Uttar Pradesh,Kanpur Nagar,7,0,0,0,0,79.37645687645688,79.50921763421765,79.77473914973916
Uttar Pradesh,Kheri,2,0,0,0,0,87.82051282051282,85.38461538461537,80.5128205128205
Uttar Pradesh,Kushinagar,1,0,0,0,0,54.54545454545454,49.494949494949495,39.39393939393939
Uttar Pradesh,Mahoba,6,0,0,0,1,90.99217752234993,93.38827692635164,93.22916666666667
Uttar Pradesh,Mathura,8,0,0,0,0,83.40560207336523,85.17507863724968,87.9327817650186
Uttar Pradesh,Sant Kabir Nagar,4,0,0,0,0,61.858974358974365,61.79108796296297,61.65531517094017
Uttar Pradesh,Shahjahanpur,2,0,0,0,0,67.85714285714285,68.17460317460316,68.8095238095238
Uttar Pradesh,Shrawasti,11,0,0,0,0,67.70212243896455,67.91742141587343,68.34801936969119
Andhra Pradesh,Annamayya,5,0,0,0,0,62.02779227601923,66.1030666718216,72.13240334221422
