STATE_UT,DISTRICT,ALERT_CONFIRMED,alert_count
Andhra Pradesh,Alluri Sitharama Raju,CRITICAL_GROUNDWATER,14
Andhra Pradesh,Alluri Sitharama Raju,DEPLETION_WARNING,8
Andhra Pradesh,Alluri Sitharama Raju,RECOVERY_SIGNAL,6
Andhra Pradesh,Alluri Sitharama Raju,SUDDEN_DROP,3
Andhra Pradesh,Anakapalli,CRITICAL_GROUNDWATER,4
Andhra Pradesh,Anakapalli,DEPLETION_WARNING,8
Andhra Pradesh,Anakapalli,RECOVERY_SIGNAL,5
Andhra Pradesh,Anakapalli,SUDDEN_DROP,2
Andhra Pradesh,Ananthapuramu,CRITICAL_GROUNDWATER,7
Andhra Pradesh,Ananthapuramu,DEPLETION_WARNING,2
Andhra Pradesh,Ananthapuramu,RECOVERY_SIGNAL,6
Andhra Pradesh,Ananthapuramu,SUDDEN_DROP,8
Andhra Pradesh,Annamayya,CRITICAL_GROUNDWATER,3
Andhra Pradesh,Annamayya,DEPLETION_WARNING,4
Andhra Pradesh,Annamayya,RECOVERY_SIGNAL,12
Andhra Pradesh,Annamayya,SUDDEN_DROP,9
Andhra Pradesh,Bapatla,CRITICAL_GROUNDWATER,9
Andhra Pradesh,Bapatla,DEPLETION_WARNING,2
Andhra Pradesh,Bapatla,RECOVERY_SIGNAL,2
Andhra Pradesh,Chittoor,CRITICAL_GROUNDWATER,1
Andhra Pradesh,Chittoor,RECOVERY_SIGNAL,5
Andhra Pradesh,Chittoor,SUDDEN_DROP,4
Andhra Pradesh,Dr. B.R. Ambedkar KonaseemaAinavilli,CRITICAL_GROUNDWATER,2
Andhra Pradesh,Dr. B.R. Ambedkar KonaseemaAinavilli,DEPLETION_WARNING,3
Andhra Pradesh,Dr. B.R. Ambedkar KonaseemaAinavilli,RECOVERY_SIGNAL,1
Andhra Pradesh,Dr. B.R. Ambedkar KonaseemaAinavilli,SUDDEN_DROP,1
Andhra Pradesh,Dr. B.R. Ambedkar KonaseemaAmalapuram,CRITICAL_GROUNDWATER,1
Andhra Pradesh,Dr. B.R. Ambedkar KonaseemaAmalapuram,DEPLETION_WARNING,2
Andhra Pradesh,Dr. B.R. Ambedkar KonaseemaAmalapuram,RECOVERY_SIGNAL,1
Andhra Pradesh,Dr. B.R. Ambedkar KonaseemaAmbajipeta,CRITICAL_GROUNDWATER,4
Andhra Pradesh,Dr. B.R. Ambedkar KonaseemaAmbajipeta,DEPLETION_WARNING,1
Andhra Pradesh,Dr. B.R. Ambedkar KonaseemaAtreyapuram,SUDDEN_DROP,2
Andhra Pradesh,Dr. B.R. Ambedkar KonaseemaI. Polavaram,CRITICAL_GROUNDWATER,7
Andhra Pradesh,Dr. B.R. Ambedkar KonaseemaKothapeta,CRITICAL_GROUNDWATER,1
Andhra Pradesh,Dr. B.R. Ambedkar KonaseemaKothapeta,RECOVERY_SIGNAL,4
Andhra Pradesh,Dr. B.R. Ambedkar KonaseemaKothapeta,SUDDEN_DROP,4
Andhra Pradesh,Dr. B.R. Ambedkar KonaseemaMalikipuram,SUDDEN_DROP,1
Andhra Pradesh,Dr. B.R. Ambedkar KonaseemaMamidikuduru,CRITICAL_GROUNDWATER,1
Andhra Pradesh,Dr. B.R. Ambedkar KonaseemaMandapeta,DEPLETION_WARNING,1
Andhra Pradesh,Dr. B.R. Ambedkar KonaseemaMummidivaram,CRITICAL_GROUNDWATER,2
Andhra Pradesh,Dr. B.R. Ambedkar KonaseemaPamarru,RECOVERY_SIGNAL,1
Andhra Pradesh,Dr. B.R. Ambedkar KonaseemaPamarru,SUDDEN_DROP,1
Andhra Pradesh,Dr. B.R. Ambedkar KonaseemaRavulapalem,CRITICAL_GROUNDWATER,5
Andhra Pradesh,Dr. B.R. Ambedkar KonaseemaRavulapalem,RECOVERY_SIGNAL,2
Andhra Pradesh,Dr. B.R. Ambedkar KonaseemaRazole,CRITICAL_GROUNDWATER,1
Andhra Pradesh,Dr. B.R. Ambedkar KonaseemaSakhinetipalle,CRITICAL_GROUNDWATER,1
Andhra Pradesh,Dr. B.R. Ambedkar KonaseemaSakhinetipalle,DEPLETION_WARNING,1
Andhra Pradesh,East Godavari,CRITICAL_GROUNDWATER,5
Andhra Pradesh,East Godavari,DEPLETION_WARNING,6
Andhra Pradesh,East Godavari,RECOVERY_SIGNAL,5
Andhra Pradesh,East Godavari,SUDDEN_DROP,2
Andhra Pradesh,East GodavariGokavaram,CRITICAL_GROUNDWATER,2
Andhra Pradesh,East GodavariGokavaram,RECOVERY_SIGNAL,1
Andhra Pradesh,East GodavariGokavaram,SUDDEN_DROP,1
Andhra Pradesh,Eluru,CRITICAL_GROUNDWATER,2
Andhra Pradesh,Eluru,DEPLETION_WARNING,3
Andhra Pradesh,Eluru,RECOVERY_SIGNAL,5
Andhra Pradesh,Eluru,SUDDEN_DROP,2
Andhra Pradesh,Guntur,CRITICAL_GROUNDWATER,7
Andhra Pradesh,Guntur,DEPLETION_WARNING,4
Andhra Pradesh,Guntur,RECOVERY_SIGNAL,4
Andhra Pradesh,Guntur,SUDDEN_DROP,5
Andhra Pradesh,Kakinada,CRITICAL_GROUNDWATER,8
Andhra Pradesh,Kakinada,DEPLETION_WARNING,9
Andhra Pradesh,Kakinada,RECOVERY_SIGNAL,12
Andhra Pradesh,Kakinada,SUDDEN_DROP,2
Andhra Pradesh,Krishna,CRITICAL_GROUNDWATER,4
Andhra Pradesh,Krishna,DEPLETION_WARNING,1
Andhra Pradesh,Krishna,RECOVERY_SIGNAL,2
Andhra Pradesh,Krishna,SUDDEN_DROP,2
Andhra Pradesh,Kurnool,CRITICAL_GROUNDWATER,6
Andhra Pradesh,Kurnool,DEPLETION_WARNING,7
Andhra Pradesh,Kurnool,RECOVERY_SIGNAL,5
Andhra Pradesh,Kurnool,SUDDEN_DROP,7
Andhra Pradesh,Nandyal,CRITICAL_GROUNDWATER,2
Andhra Pradesh,Nandyal,DEPLETION_WARNING,3
Andhra Pradesh,Nandyal,RECOVERY_SIGNAL,2
Andhra Pradesh,Nandyal,SUDDEN_DROP,5
Andhra Pradesh,Ntr,CRITICAL_GROUNDWATER,6
Andhra Pradesh,Ntr,DEPLETION_WARNING,6
Andhra Pradesh,Ntr,RECOVERY_SIGNAL,5
Andhra Pradesh,Ntr,SUDDEN_DROP,2
Andhra Pradesh,Palnadu,CRITICAL_GROUNDWATER,9
Andhra Pradesh,Palnadu,DEPLETION_WARNING,4
Andhra Pradesh,Palnadu,RECOVERY_SIGNAL,8
Andhra Pradesh,Palnadu,SUDDEN_DROP,8
Andhra Pradesh,Parvathipuram Manyam,CRITICAL_GROUNDWATER,7
Andhra Pradesh,Parvathipuram Manyam,DEPLETION_WARNING,2
Andhra Pradesh,Parvathipuram Manyam,RECOVERY_SIGNAL,7
Andhra Pradesh,Parvathipuram Manyam,SUDDEN_DROP,7
Andhra Pradesh,Prakasam,CRITICAL_GROUNDWATER,11
Andhra Pradesh,Prakasam,DEPLETION_WARNING,2
Andhra Pradesh,Prakasam,RECOVERY_SIGNAL,9
Andhra Pradesh,Prakasam,SUDDEN_DROP,9
Andhra Pradesh,Sri Potti Sriramulu Nellore,CRITICAL_GROUNDWATER,9
Andhra Pradesh,Sri Potti Sriramulu Nellore,DEPLETION_WARNING,3
Andhra Pradesh,Sri Potti Sriramulu Nellore,RECOVERY_SIGNAL,17
Andhra Pradesh,Sri Potti Sriramulu Nellore,SUDDEN_DROP,15
Andhra Pradesh,Sri Potti Sriramulu Nellore Manubolu,CRITICAL_GROUNDWATER,1
Andhra Pradesh,Sri Potti Sriramulu Nellore Manubolu,DEPLETION_WARNING,1
Andhra Pradesh,Sri Potti Sriramulu Nellore Manubolu,RECOVERY_SIGNAL,1
Andhra Pradesh,Sri Potti Sriramulu Nellore Manubolu,SUDDEN_DROP,1
Andhra Pradesh,Sri Potti Sriramulu Nellore Marripadu,RECOVERY_SIGNAL,1
Andhra Pradesh,Sri Potti Sriramulu Nellore Marripadu,SUDDEN_DROP,2
Andhra Pradesh,Sri Potti Sriramulu Nellore Muthukur,CRITICAL_GROUNDWATER,6
Andhra Pradesh,Sri Potti Sriramulu Nellore Muthukur,DEPLETION_WARNING,1
Andhra Pradesh,Sri Potti Sriramulu Nellore Muthukur,RECOVERY_SIGNAL,1
Andhra Pradesh,Sri Sathya Sai,CRITICAL_GROUNDWATER,2
Andhra Pradesh,Sri Sathya Sai,DEPLETION_WARNING,2
Andhra Pradesh,Sri Sathya Sai,RECOVERY_SIGNAL,2
Andhra Pradesh,Sri Sathya Sai,SUDDEN_DROP,2
Andhra Pradesh,Srikakulam,CRITICAL_GROUNDWATER,9
Andhra Pradesh,Srikakulam,DEPLETION_WARNING,2
Andhra Pradesh,Srikakulam,RECOVERY_SIGNAL,5
Andhra Pradesh,Srikakulam,SUDDEN_DROP,3
Andhra Pradesh,Tirupati,CRITICAL_GROUNDWATER,5
Andhra Pradesh,Tirupati,DEPLETION_WARNING,3
Andhra Pradesh,Tirupati,RECOVERY_SIGNAL,10
Andhra Pradesh,Tirupati,SUDDEN_DROP,8
Andhra Pradesh,Visakhapatnam,CRITICAL_GROUNDWATER,9
Andhra Pradesh,Visakhapatnam,DEPLETION_WARNING,7
Andhra Pradesh,Visakhapatnam,RECOVERY_SIGNAL,13
Andhra Pradesh,Visakhapatnam,SUDDEN_DROP,10
Andhra Pradesh,Vizianagaram,CRITICAL_GROUNDWATER,1
Andhra Pradesh,Vizianagaram,DEPLETION_WARNING,2
Andhra Pradesh,Vizianagaram,RECOVERY_SIGNAL,18
Andhra Pradesh,Vizianagaram,SUDDEN_DROP,9
Andhra Pradesh,West Godavari,CRITICAL_GROUNDWATER,5
Andhra Pradesh,West Godavari,RECOVERY_SIGNAL,2
Andhra Pradesh,West Godavari,SUDDEN_DROP,1
Andhra Pradesh,Y.S.R.,CRITICAL_GROUNDWATER,4
Andhra Pradesh,Y.S.R.,DEPLETION_WARNING,6
Andhra Pradesh,Y.S.R.,RECOVERY_SIGNAL,10
Andhra Pradesh,Y.S.R.,SUDDEN_DROP,8
Arunachal Pradesh,Changlang,CRITICAL_GROUNDWATER,8
Arunachal Pradesh,Changlang,DEPLETION_WARNING,5
Arunachal Pradesh,East Siang,CRITICAL_GROUNDWATER,3
Arunachal Pradesh,East Siang,DEPLETION_WARNING,1
Arunachal Pradesh,Lower Subansiri,CRITICAL_GROUNDWATER,3
Arunachal Pradesh,Lower Subansiri,DEPLETION_WARNING,2
Arunachal Pradesh,Namsai,SUDDEN_DROP,1
Arunachal Pradesh,Papum Pare,CRITICAL_GROUNDWATER,11
Arunachal Pradesh,Papum Pare,DEPLETION_WARNING,1
Arunachal Pradesh,Papum Pare,RECOVERY_SIGNAL,1
Arunachal Pradesh,Papum Pare,SUDDEN_DROP,1
Arunachal Pradesh,Tirap,CRITICAL_GROUNDWATER,3
Arunachal Pradesh,Tirap,DEPLETION_WARNING,3
Assam,Bajali,CRITICAL_GROUNDWATER,4
Assam,Bajali,DEPLETION_WARNING,3
Assam,Barpeta,CRITICAL_GROUNDWATER,4
Assam,Barpeta,DEPLETION_WARNING,1
Assam,Barpeta,RECOVERY_SIGNAL,1
Assam,Barpeta,SUDDEN_DROP,4
Assam,Biswanath,CRITICAL_GROUNDWATER,22
Assam,Biswanath,DEPLETION_WARNING,3
Assam,Biswanath,SUDDEN_DROP,1
Assam,Bongaigaon,CRITICAL_GROUNDWATER,9
Assam,Bongaigaon,DEPLETION_WARNING,5
Assam,Bongaigaon,RECOVERY_SIGNAL,4
Assam,Bongaigaon,SUDDEN_DROP,4
Assam,Cachar,CRITICAL_GROUNDWATER,4
Assam,Cachar,DEPLETION_WARNING,4
Assam,Cachar,RECOVERY_SIGNAL,4
Assam,Cachar,SUDDEN_DROP,2
Assam,Charaideo,DEPLETION_WARNING,1
Assam,Charaideo,RECOVERY_SIGNAL,1
Assam,Chirang,RECOVERY_SIGNAL,1
Assam,Chirang,SUDDEN_DROP,1
Assam,Darrang,RECOVERY_SIGNAL,2
Assam,Darrang,SUDDEN_DROP,1
Assam,Dhemaji,CRITICAL_GROUNDWATER,8
Assam,Dhemaji,DEPLETION_WARNING,8
Assam,Dhubri,CRITICAL_GROUNDWATER,9
Assam,Dhubri,DEPLETION_WARNING,5
Assam,Dhubri,RECOVERY_SIGNAL,7
Assam,Dhubri,SUDDEN_DROP,1
Assam,Dibrugarh,CRITICAL_GROUNDWATER,3
Assam,Dibrugarh,DEPLETION_WARNING,1
Assam,Goalpara,CRITICAL_GROUNDWATER,20
Assam,Goalpara,DEPLETION_WARNING,4
Assam,Goalpara,RECOVERY_SIGNAL,3
Assam,Goalpara,SUDDEN_DROP,2
Assam,Golaghat,CRITICAL_GROUNDWATER,12
Assam,Golaghat,DEPLETION_WARNING,3
Assam,Golaghat,RECOVERY_SIGNAL,1
Assam,Golaghat,SUDDEN_DROP,3
Assam,Hailakandi,CRITICAL_GROUNDWATER,7
Assam,Hailakandi,DEPLETION_WARNING,1
Assam,Hailakandi,RECOVERY_SIGNAL,1
Assam,Hailakandi,SUDDEN_DROP,2
Assam,Hojai,CRITICAL_GROUNDWATER,2
Assam,Hojai,DEPLETION_WARNING,3
Assam,Hojai,RECOVERY_SIGNAL,3
Assam,Hojai,SUDDEN_DROP,2
Assam,Jorhat,CRITICAL_GROUNDWATER,7
Assam,Jorhat,DEPLETION_WARNING,5
Assam,Jorhat,RECOVERY_SIGNAL,3
Assam,Jorhat,SUDDEN_DROP,2
Assam,Kamrup,CRITICAL_GROUNDWATER,8
Assam,Kamrup,DEPLETION_WARNING,4
Assam,Kamrup,RECOVERY_SIGNAL,2
Assam,Kamrup,SUDDEN_DROP,1
Assam,Kamrup Metro,CRITICAL_GROUNDWATER,10
Assam,Kamrup Metro,DEPLETION_WARNING,3
Assam,Kamrup Metro,RECOVERY_SIGNAL,2
Assam,Kamrup Metro,SUDDEN_DROP,1
Assam,Karbi Anglong,CRITICAL_GROUNDWATER,21
Assam,Karbi Anglong,DEPLETION_WARNING,12
Assam,Karbi Anglong,RECOVERY_SIGNAL,16
Assam,Karbi Anglong,SUDDEN_DROP,28
Assam,Karimganj,CRITICAL_GROUNDWATER,10
Assam,Karimganj,DEPLETION_WARNING,5
Assam,Karimganj,RECOVERY_SIGNAL,1
Assam,Lakhimpur,CRITICAL_GROUNDWATER,24
Assam,Lakhimpur,DEPLETION_WARNING,2
Assam,Lakhimpur,RECOVERY_SIGNAL,1
Assam,Marigaon,CRITICAL_GROUNDWATER,12
Assam,Marigaon,DEPLETION_WARNING,5
Assam,Marigaon,RECOVERY_SIGNAL,4
Assam,Marigaon,SUDDEN_DROP,2
Assam,Nagaon,CRITICAL_GROUNDWATER,17
Assam,Nagaon,DEPLETION_WARNING,9
Assam,Nagaon,RECOVERY_SIGNAL,4
Assam,Nagaon,SUDDEN_DROP,3
Assam,Nalbari,RECOVERY_SIGNAL,1
Assam,Nalbari,SUDDEN_DROP,1
Assam,Sivasagar,CRITICAL_GROUNDWATER,5
Assam,Sivasagar,RECOVERY_SIGNAL,2
Assam,Sivasagar,SUDDEN_DROP,3
Assam,Sonitpur,CRITICAL_GROUNDWATER,3
Assam,Sonitpur,DEPLETION_WARNING,4
Assam,Sonitpur,RECOVERY_SIGNAL,2
Assam,Sonitpur,SUDDEN_DROP,1
Assam,Tamulpur,CRITICAL_GROUNDWATER,1
Assam,Tamulpur,DEPLETION_WARNING,2
Assam,Tinsukia,CRITICAL_GROUNDWATER,10
Assam,Tinsukia,DEPLETION_WARNING,8
Assam,Tinsukia,RECOVERY_SIGNAL,2
Assam,Tinsukia,SUDDEN_DROP,1
Assam,Udalguri,CRITICAL_GROUNDWATER,3
Assam,Udalguri,DEPLETION_WARNING,3
Assam,Udalguri,RECOVERY_SIGNAL,4
Assam,Udalguri,SUDDEN_DROP,4
Assam,West Karbi Anglong,CRITICAL_GROUNDWATER,2
Assam,West Karbi Anglong,DEPLETION_WARNING,4
Assam,West Karbi Anglong,RECOVERY_SIGNAL,1
Assam,West Karbi Anglong,SUDDEN_DROP,3
Chandigarh,Chandigarh,CRITICAL_GROUNDWATER,16
Chandigarh,Chandigarh,DEPLETION_WARNING,3
Chandigarh,Chandigarh,RECOVERY_SIGNAL,2
Chandigarh,Chandigarh,SUDDEN_DROP,4
Chhattisgarh,Balod,CRITICAL_GROUNDWATER,5
Chhattisgarh,Balod,DEPLETION_WARNING,3
Chhattisgarh,Balod,RECOVERY_SIGNAL,2
Chhattisgarh,Balod,SUDDEN_DROP,10
Chhattisgarh,Balodabazar-Bhatapara,CRITICAL_GROUNDWATER,3
Chhattisgarh,Balodabazar-Bhatapara,DEPLETION_WARNING,3
Chhattisgarh,Balodabazar-Bhatapara,RECOVERY_SIGNAL,3
Chhattisgarh,Balodabazar-Bhatapara,SUDDEN_DROP,10
Chhattisgarh,Balrampur Ramanujganj,CRITICAL_GROUNDWATER,2
Chhattisgarh,Balrampur Ramanujganj,DEPLETION_WARNING,3
Chhattisgarh,Balrampur Ramanujganj,RECOVERY_SIGNAL,1
Chhattisgarh,Balrampur Ramanujganj,SUDDEN_DROP,3
Chhattisgarh,Bastar,CRITICAL_GROUNDWATER,2
Chhattisgarh,Bastar,DEPLETION_WARNING,1
Chhattisgarh,Bastar,RECOVERY_SIGNAL,2
Chhattisgarh,Bastar,SUDDEN_DROP,4
Chhattisgarh,Bemetara,CRITICAL_GROUNDWATER,1
Chhattisgarh,Bemetara,DEPLETION_WARNING,1
Chhattisgarh,Bemetara,RECOVERY_SIGNAL,1
Chhattisgarh,Bemetara,SUDDEN_DROP,10
Chhattisgarh,Bilaspur,CRITICAL_GROUNDWATER,7
Chhattisgarh,Bilaspur,DEPLETION_WARNING,2
Chhattisgarh,Bilaspur,RECOVERY_SIGNAL,6
Chhattisgarh,Bilaspur,SUDDEN_DROP,12
Chhattisgarh,Dhamtari,CRITICAL_GROUNDWATER,5
Chhattisgarh,Dhamtari,DEPLETION_WARNING,2
Chhattisgarh,Dhamtari,RECOVERY_SIGNAL,2
Chhattisgarh,Dhamtari,SUDDEN_DROP,7
Chhattisgarh,Durg,DEPLETION_WARNING,2
Chhattisgarh,Durg,RECOVERY_SIGNAL,2
Chhattisgarh,Durg,SUDDEN_DROP,6
Chhattisgarh,Gariyaband,SUDDEN_DROP,2
Chhattisgarh,Gaurela Pendra Marwahi,CRITICAL_GROUNDWATER,1
Chhattisgarh,Gaurela Pendra Marwahi,SUDDEN_DROP,7
Chhattisgarh,Janjgir-Champa,CRITICAL_GROUNDWATER,9
Chhattisgarh,Janjgir-Champa,DEPLETION_WARNING,2
Chhattisgarh,Janjgir-Champa,RECOVERY_SIGNAL,1
Chhattisgarh,Janjgir-Champa,SUDDEN_DROP,9
Chhattisgarh,Jashpur,CRITICAL_GROUNDWATER,10
Chhattisgarh,Jashpur,DEPLETION_WARNING,4
Chhattisgarh,Jashpur,RECOVERY_SIGNAL,1
Chhattisgarh,Jashpur,SUDDEN_DROP,9
Chhattisgarh,Kabeerdham,CRITICAL_GROUNDWATER,1
Chhattisgarh,Kabeerdham,SUDDEN_DROP,2
Chhattisgarh,KabeerdhamKawardha,SUDDEN_DROP,3
Chhattisgarh,Khairagarh Chhuikhadan GandaiChhuikhadan,SUDDEN_DROP,1
Chhattisgarh,Khairagarh Chhuikhadan GandaiKhairagarh,CRITICAL_GROUNDWATER,2
Chhattisgarh,Khairagarh Chhuikhadan GandaiKhairagarh,DEPLETION_WARNING,1
Chhattisgarh,Khairagarh Chhuikhadan GandaiKhairagarh,SUDDEN_DROP,2
Chhattisgarh,KondagaonKondagaon,DEPLETION_WARNING,1
Chhattisgarh,KondagaonKondagaon,SUDDEN_DROP,1
Chhattisgarh,Korba,CRITICAL_GROUNDWATER,8
Chhattisgarh,Korba,DEPLETION_WARNING,2
Chhattisgarh,Korba,RECOVERY_SIGNAL,1
Chhattisgarh,Korba,SUDDEN_DROP,11
Chhattisgarh,KorbaKartala,DEPLETION_WARNING,1
Chhattisgarh,KorbaKartala,SUDDEN_DROP,2
Chhattisgarh,Korea,CRITICAL_GROUNDWATER,7
Chhattisgarh,Korea,DEPLETION_WARNING,1
Chhattisgarh,Korea,RECOVERY_SIGNAL,2
Chhattisgarh,Korea,SUDDEN_DROP,9
Chhattisgarh,Mahasamund,SUDDEN_DROP,2
Chhattisgarh,Manendragarh Chirmiri Bharatpur Mcb,CRITICAL_GROUNDWATER,1
Chhattisgarh,Manendragarh Chirmiri Bharatpur McbManendragarh,CRITICAL_GROUNDWATER,1
Chhattisgarh,Manendragarh Chirmiri Bharatpur McbManendragarh,SUDDEN_DROP,1
Chhattisgarh,Mungeli,RECOVERY_SIGNAL,1
Chhattisgarh,Mungeli,SUDDEN_DROP,1
Chhattisgarh,MungeliLormi,SUDDEN_DROP,1
Chhattisgarh,Raigarh,CRITICAL_GROUNDWATER,1
Chhattisgarh,Raigarh,DEPLETION_WARNING,1
Chhattisgarh,Raigarh,SUDDEN_DROP,8
Chhattisgarh,Raipur,CRITICAL_GROUNDWATER,1
Chhattisgarh,Raipur,DEPLETION_WARNING,1
Chhattisgarh,Raipur,RECOVERY_SIGNAL,1
Chhattisgarh,Raipur,SUDDEN_DROP,10
Chhattisgarh,Rajnandgaon,CRITICAL_GROUNDWATER,3
Chhattisgarh,Rajnandgaon,DEPLETION_WARNING,2
Chhattisgarh,Rajnandgaon,RECOVERY_SIGNAL,3
Chhattisgarh,Rajnandgaon,SUDDEN_DROP,19
Chhattisgarh,Sakti,CRITICAL_GROUNDWATER,1
Chhattisgarh,Sarangarh Bilaigarh,SUDDEN_DROP,2
Chhattisgarh,Surajpur,CRITICAL_GROUNDWATER,6
Chhattisgarh,Surajpur,DEPLETION_WARNING,4
Chhattisgarh,Surajpur,RECOVERY_SIGNAL,2
Chhattisgarh,Surajpur,SUDDEN_DROP,7
Chhattisgarh,Surguja,CRITICAL_GROUNDWATER,7
Chhattisgarh,Surguja,DEPLETION_WARNING,1
Chhattisgarh,Surguja,SUDDEN_DROP,8
Chhattisgarh,Uttar Bastar Kanker,CRITICAL_GROUNDWATER,1
Chhattisgarh,Uttar Bastar Kanker,SUDDEN_DROP,3
Delhi,Central,CRITICAL_GROUNDWATER,5
Delhi,Central,DEPLETION_WARNING,3
Delhi,Central,RECOVERY_SIGNAL,1
Delhi,Central,SUDDEN_DROP,3
Delhi,East,CRITICAL_GROUNDWATER,8
Delhi,East,DEPLETION_WARNING,2
Delhi,East,RECOVERY_SIGNAL,3
Delhi,Nazul Land,CRITICAL_GROUNDWATER,1
Delhi,New Delhi,CRITICAL_GROUNDWATER,11
Delhi,New Delhi,DEPLETION_WARNING,6
Delhi,New Delhi,RECOVERY_SIGNAL,3
Delhi,New Delhi,SUDDEN_DROP,7
Delhi,North,CRITICAL_GROUNDWATER,9
Delhi,North,DEPLETION_WARNING,4
Delhi,North,RECOVERY_SIGNAL,5
Delhi,North,SUDDEN_DROP,2
Delhi,North West,CRITICAL_GROUNDWATER,12
Delhi,North West,DEPLETION_WARNING,6
Delhi,North West,RECOVERY_SIGNAL,1
Delhi,North West,SUDDEN_DROP,2
Delhi,Shahdara,CRITICAL_GROUNDWATER,2
Delhi,Shahdara,SUDDEN_DROP,1
Delhi,South,CRITICAL_GROUNDWATER,6
Delhi,South,DEPLETION_WARNING,2
Delhi,South,RECOVERY_SIGNAL,1
Delhi,South,SUDDEN_DROP,7
Delhi,South East,CRITICAL_GROUNDWATER,2
Delhi,South East,DEPLETION_WARNING,1
Delhi,South East,RECOVERY_SIGNAL,1
Delhi,South East,SUDDEN_DROP,1
Delhi,South West,CRITICAL_GROUNDWATER,21
Delhi,South West,DEPLETION_WARNING,9
Delhi,South West,RECOVERY_SIGNAL,1
Delhi,South West,SUDDEN_DROP,6
Delhi,West,CRITICAL_GROUNDWATER,15
Delhi,West,DEPLETION_WARNING,7
Delhi,West,RECOVERY_SIGNAL,6
Delhi,West,SUDDEN_DROP,6
Goa,North Goa,CRITICAL_GROUNDWATER,48
Goa,North Goa,DEPLETION_WARNING,33
Goa,North Goa,RECOVERY_SIGNAL,14
Goa,North Goa,SUDDEN_DROP,12
Goa,South Goa,CRITICAL_GROUNDWATER,48
Goa,South Goa,DEPLETION_WARNING,13
Goa,South Goa,RECOVERY_SIGNAL,11
Goa,South Goa,SUDDEN_DROP,10
Haryana,Ambala,CRITICAL_GROUNDWATER,14
Haryana,Ambala,DEPLETION_WARNING,7
Haryana,Ambala,RECOVERY_SIGNAL,4
Haryana,Ambala,SUDDEN_DROP,4
Haryana,Bhiwani,CRITICAL_GROUNDWATER,30
Haryana,Bhiwani,DEPLETION_WARNING,13
Haryana,Bhiwani,RECOVERY_SIGNAL,12
Haryana,Bhiwani,SUDDEN_DROP,12
Haryana,Charki Dadri,CRITICAL_GROUNDWATER,1
Haryana,Charki Dadri,DEPLETION_WARNING,1
Haryana,Faridabad,CRITICAL_GROUNDWATER,3
Haryana,Faridabad,DEPLETION_WARNING,1
Haryana,Faridabad,RECOVERY_SIGNAL,2
Haryana,Fatehabad,CRITICAL_GROUNDWATER,2
Haryana,Fatehabad,DEPLETION_WARNING,2
Haryana,Fatehabad,RECOVERY_SIGNAL,3
Haryana,Fatehabad,SUDDEN_DROP,3
Haryana,Gurugram,CRITICAL_GROUNDWATER,3
Haryana,Gurugram,DEPLETION_WARNING,1
Haryana,Gurugram,RECOVERY_SIGNAL,3
Haryana,Gurugram,SUDDEN_DROP,1
Haryana,Hisar,CRITICAL_GROUNDWATER,21
Haryana,Hisar,DEPLETION_WARNING,10
Haryana,Hisar,RECOVERY_SIGNAL,6
Haryana,Hisar,SUDDEN_DROP,9
Haryana,Jhajjar,CRITICAL_GROUNDWATER,12
Haryana,Jhajjar,DEPLETION_WARNING,10
Haryana,Jhajjar,RECOVERY_SIGNAL,5
Haryana,Jhajjar,SUDDEN_DROP,5
Haryana,Jind,CRITICAL_GROUNDWATER,19
Haryana,Jind,DEPLETION_WARNING,4
Haryana,Jind,RECOVERY_SIGNAL,9
Haryana,Jind,SUDDEN_DROP,4
Haryana,Kaithal,CRITICAL_GROUNDWATER,3
Haryana,Kaithal,DEPLETION_WARNING,3
Haryana,Kaithal,RECOVERY_SIGNAL,5
Haryana,Kaithal,SUDDEN_DROP,7
Haryana,Karnal,CRITICAL_GROUNDWATER,8
Haryana,Karnal,RECOVERY_SIGNAL,7
Haryana,Karnal,SUDDEN_DROP,4
Haryana,Kurukshetra,CRITICAL_GROUNDWATER,2
Haryana,Kurukshetra,DEPLETION_WARNING,4
Haryana,Kurukshetra,RECOVERY_SIGNAL,2
Haryana,Mahendragarh,RECOVERY_SIGNAL,2
Haryana,Mahendragarh,SUDDEN_DROP,2
Haryana,Nuh,CRITICAL_GROUNDWATER,9
Haryana,Nuh,DEPLETION_WARNING,4
Haryana,Nuh,RECOVERY_SIGNAL,3
Haryana,Nuh,SUDDEN_DROP,5
Haryana,Palwal,CRITICAL_GROUNDWATER,3
Haryana,Palwal,DEPLETION_WARNING,1
Haryana,Palwal,RECOVERY_SIGNAL,4
Haryana,Palwal,SUDDEN_DROP,5
Haryana,Panchkula,CRITICAL_GROUNDWATER,13
Haryana,Panchkula,DEPLETION_WARNING,6
Haryana,Panchkula,RECOVERY_SIGNAL,1
Haryana,Panchkula,SUDDEN_DROP,6
Haryana,Panipat,CRITICAL_GROUNDWATER,8
Haryana,Panipat,DEPLETION_WARNING,6
Haryana,Panipat,RECOVERY_SIGNAL,6
Haryana,Rewari,CRITICAL_GROUNDWATER,4
Haryana,Rewari,DEPLETION_WARNING,3
Haryana,Rewari,RECOVERY_SIGNAL,2
Haryana,Rewari,SUDDEN_DROP,4
Haryana,Rohtak,CRITICAL_GROUNDWATER,12
Haryana,Rohtak,DEPLETION_WARNING,9
Haryana,Rohtak,RECOVERY_SIGNAL,3
Haryana,Rohtak,SUDDEN_DROP,3
Haryana,Sirsa,CRITICAL_GROUNDWATER,39
Haryana,Sirsa,DEPLETION_WARNING,12
Haryana,Sirsa,RECOVERY_SIGNAL,9
Haryana,Sirsa,SUDDEN_DROP,7
Haryana,Sonipat,CRITICAL_GROUNDWATER,21
Haryana,Sonipat,DEPLETION_WARNING,4
Haryana,Sonipat,RECOVERY_SIGNAL,7
Haryana,Sonipat,SUDDEN_DROP,5
Haryana,Yamunanagar,CRITICAL_GROUNDWATER,5
Haryana,Yamunanagar,DEPLETION_WARNING,8
Haryana,Yamunanagar,RECOVERY_SIGNAL,5
Haryana,Yamunanagar,SUDDEN_DROP,7
Jammu and Kashmir,Jammu,CRITICAL_GROUNDWATER,56
Jammu and Kashmir,Jammu,DEPLETION_WARNING,21
Jammu and Kashmir,Jammu,RECOVERY_SIGNAL,13
Jammu and Kashmir,Jammu,SUDDEN_DROP,9
Jammu and Kashmir,Kathua,CRITICAL_GROUNDWATER,25
Jammu and Kashmir,Kathua,DEPLETION_WARNING,11
Jammu and Kashmir,Kathua,RECOVERY_SIGNAL,8
Jammu and Kashmir,Kathua,SUDDEN_DROP,7
Jammu and Kashmir,Rajouri,CRITICAL_GROUNDWATER,15
Jammu and Kashmir,Rajouri,DEPLETION_WARNING,3
Jammu and Kashmir,Rajouri,RECOVERY_SIGNAL,8
Jammu and Kashmir,Rajouri,SUDDEN_DROP,7
Jammu and Kashmir,Reasi,CRITICAL_GROUNDWATER,3
Jammu and Kashmir,Reasi,DEPLETION_WARNING,6
Jammu and Kashmir,Reasi,RECOVERY_SIGNAL,1
Jammu and Kashmir,Reasi,SUDDEN_DROP,2
Jammu and Kashmir,Samba,CRITICAL_GROUNDWATER,20
Jammu and Kashmir,Samba,DEPLETION_WARNING,15
Jammu and Kashmir,Samba,RECOVERY_SIGNAL,11
Jammu and Kashmir,Samba,SUDDEN_DROP,10
Jammu and Kashmir,Udhampur,CRITICAL_GROUNDWATER,9
Jammu and Kashmir,Udhampur,DEPLETION_WARNING,4
Jammu and Kashmir,Udhampur,RECOVERY_SIGNAL,4
Jammu and Kashmir,Udhampur,SUDDEN_DROP,3
Jharkhand,Bokaro,CRITICAL_GROUNDWATER,2
Jharkhand,Bokaro,DEPLETION_WARNING,2
Jharkhand,Bokaro,RECOVERY_SIGNAL,2
Jharkhand,Bokaro,SUDDEN_DROP,3
Jharkhand,Chatra,CRITICAL_GROUNDWATER,6
Jharkhand,Chatra,DEPLETION_WARNING,2
Jharkhand,Chatra,RECOVERY_SIGNAL,1
Jharkhand,Chatra,SUDDEN_DROP,2
Jharkhand,Deoghar,CRITICAL_GROUNDWATER,1
Jharkhand,Deoghar,DEPLETION_WARNING,2
Jharkhand,Dhanbad,CRITICAL_GROUNDWATER,2
Jharkhand,Dhanbad,DEPLETION_WARNING,9
Jharkhand,Dhanbad,RECOVERY_SIGNAL,6
Jharkhand,Dhanbad,SUDDEN_DROP,4
Jharkhand,Dumka,CRITICAL_GROUNDWATER,8
Jharkhand,Dumka,DEPLETION_WARNING,12
Jharkhand,Dumka,RECOVERY_SIGNAL,6
Jharkhand,Dumka,SUDDEN_DROP,3
Jharkhand,East Singhbum,CRITICAL_GROUNDWATER,6
Jharkhand,East Singhbum,DEPLETION_WARNING,4
Jharkhand,East Singhbum,RECOVERY_SIGNAL,5
Jharkhand,East Singhbum,SUDDEN_DROP,7
Jharkhand,Giridih,CRITICAL_GROUNDWATER,3
Jharkhand,Giridih,DEPLETION_WARNING,4
Jharkhand,Giridih,RECOVERY_SIGNAL,11
Jharkhand,Giridih,SUDDEN_DROP,11
Jharkhand,Godda,CRITICAL_GROUNDWATER,1
Jharkhand,Godda,RECOVERY_SIGNAL,1
Jharkhand,Godda,SUDDEN_DROP,2
Jharkhand,Gumla,CRITICAL_GROUNDWATER,3
Jharkhand,Gumla,DEPLETION_WARNING,6
Jharkhand,Gumla,RECOVERY_SIGNAL,2
Jharkhand,Gumla,SUDDEN_DROP,4
Jharkhand,Hazaribagh,CRITICAL_GROUNDWATER,14
Jharkhand,Hazaribagh,DEPLETION_WARNING,5
Jharkhand,Hazaribagh,RECOVERY_SIGNAL,4
Jharkhand,Hazaribagh,SUDDEN_DROP,9
Jharkhand,Jamtara,CRITICAL_GROUNDWATER,9
Jharkhand,Jamtara,DEPLETION_WARNING,7
Jharkhand,Jamtara,RECOVERY_SIGNAL,3
Jharkhand,Jamtara,SUDDEN_DROP,8
Jharkhand,Koderma,CRITICAL_GROUNDWATER,6
Jharkhand,Koderma,DEPLETION_WARNING,3
Jharkhand,Koderma,RECOVERY_SIGNAL,5
Jharkhand,Koderma,SUDDEN_DROP,6
Jharkhand,Latehar,CRITICAL_GROUNDWATER,3
Jharkhand,Latehar,DEPLETION_WARNING,3
Jharkhand,Latehar,RECOVERY_SIGNAL,5
Jharkhand,Latehar,SUDDEN_DROP,6
Jharkhand,Lohardaga,CRITICAL_GROUNDWATER,5
Jharkhand,Lohardaga,DEPLETION_WARNING,3
Jharkhand,Lohardaga,RECOVERY_SIGNAL,7
Jharkhand,Lohardaga,SUDDEN_DROP,7
Jharkhand,Pakur,CRITICAL_GROUNDWATER,10
Jharkhand,Pakur,DEPLETION_WARNING,3
Jharkhand,Pakur,RECOVERY_SIGNAL,5
Jharkhand,Pakur,SUDDEN_DROP,4
Jharkhand,Palamu,CRITICAL_GROUNDWATER,2
Jharkhand,Palamu,DEPLETION_WARNING,5
Jharkhand,Palamu,RECOVERY_SIGNAL,3
Jharkhand,Palamu,SUDDEN_DROP,4
Jharkhand,Ramgarh,CRITICAL_GROUNDWATER,19
Jharkhand,Ramgarh,DEPLETION_WARNING,6
Jharkhand,Ramgarh,RECOVERY_SIGNAL,4
Jharkhand,Ramgarh,SUDDEN_DROP,7
Jharkhand,Ranchi,CRITICAL_GROUNDWATER,1
Jharkhand,Ranchi,DEPLETION_WARNING,1
Jharkhand,Sahebganj,CRITICAL_GROUNDWATER,7
Jharkhand,Sahebganj,DEPLETION_WARNING,4
Jharkhand,Sahebganj,RECOVERY_SIGNAL,5
Jharkhand,Sahebganj,SUDDEN_DROP,2
Jharkhand,Saraikela Kharsawan,CRITICAL_GROUNDWATER,5
Jharkhand,Saraikela Kharsawan,DEPLETION_WARNING,2
Jharkhand,Saraikela Kharsawan,RECOVERY_SIGNAL,5
Jharkhand,Saraikela Kharsawan,SUDDEN_DROP,4
Jharkhand,Simdega,CRITICAL_GROUNDWATER,3
Jharkhand,Simdega,DEPLETION_WARNING,7
Jharkhand,Simdega,RECOVERY_SIGNAL,5
Jharkhand,Simdega,SUDDEN_DROP,3
Jharkhand,West Singhbhum,CRITICAL_GROUNDWATER,5
Jharkhand,West Singhbhum,DEPLETION_WARNING,2
Jharkhand,West Singhbhum,RECOVERY_SIGNAL,7
Jharkhand,West Singhbhum,SUDDEN_DROP,6
Karnataka,Bagalkote,CRITICAL_GROUNDWATER,4
Karnataka,Bagalkote,DEPLETION_WARNING,3
Karnataka,Bagalkote,RECOVERY_SIGNAL,4
Karnataka,Bagalkote,SUDDEN_DROP,5
Karnataka,Ballari,CRITICAL_GROUNDWATER,2
Karnataka,Ballari,RECOVERY_SIGNAL,2
Karnataka,Ballari,SUDDEN_DROP,7
Karnataka,Belagavi,CRITICAL_GROUNDWATER,13
Karnataka,Belagavi,DEPLETION_WARNING,7
Karnataka,Belagavi,RECOVERY_SIGNAL,14
Karnataka,Belagavi,SUDDEN_DROP,4
Karnataka,Bengaluru Rural,CRITICAL_GROUNDWATER,1
Karnataka,Bengaluru Rural,DEPLETION_WARNING,1
Karnataka,Bengaluru Rural,RECOVERY_SIGNAL,6
Karnataka,Bengaluru Rural,SUDDEN_DROP,6
Karnataka,Bengaluru Urban,CRITICAL_GROUNDWATER,9
Karnataka,Bengaluru Urban,DEPLETION_WARNING,3
Karnataka,Bengaluru Urban,RECOVERY_SIGNAL,5
Karnataka,Bengaluru Urban,SUDDEN_DROP,6
Karnataka,Bidar,CRITICAL_GROUNDWATER,8
Karnataka,Bidar,RECOVERY_SIGNAL,5
Karnataka,Bidar,SUDDEN_DROP,3
Karnataka,Chamarajanagara,CRITICAL_GROUNDWATER,3
Karnataka,Chamarajanagara,DEPLETION_WARNING,1
Karnataka,Chamarajanagara,RECOVERY_SIGNAL,9
Karnataka,Chamarajanagara,SUDDEN_DROP,7
Karnataka,Chikkaballapura,CRITICAL_GROUNDWATER,1
Karnataka,Chikkaballapura,DEPLETION_WARNING,1
Karnataka,Chikkaballapura,RECOVERY_SIGNAL,9
Karnataka,Chikkaballapura,SUDDEN_DROP,8
Karnataka,Chikkamagaluru,CRITICAL_GROUNDWATER,14
Karnataka,Chikkamagaluru,DEPLETION_WARNING,5
Karnataka,Chikkamagaluru,RECOVERY_SIGNAL,5
Karnataka,Chikkamagaluru,SUDDEN_DROP,6
Karnataka,Chitradurga,CRITICAL_GROUNDWATER,5
Karnataka,Chitradurga,DEPLETION_WARNING,2
Karnataka,Chitradurga,RECOVERY_SIGNAL,15
Karnataka,Chitradurga,SUDDEN_DROP,9
Karnataka,Dakshina Kannada,CRITICAL_GROUNDWATER,35
Karnataka,Dakshina Kannada,DEPLETION_WARNING,28
Karnataka,Dakshina Kannada,RECOVERY_SIGNAL,13
Karnataka,Dakshina Kannada,SUDDEN_DROP,23
Karnataka,Davangere,CRITICAL_GROUNDWATER,13
Karnataka,Davangere,DEPLETION_WARNING,4
Karnataka,Davangere,RECOVERY_SIGNAL,20
Karnataka,Davangere,SUDDEN_DROP,19
Karnataka,Dharwad,CRITICAL_GROUNDWATER,9
Karnataka,Dharwad,DEPLETION_WARNING,6
Karnataka,Dharwad,RECOVERY_SIGNAL,4
Karnataka,Dharwad,SUDDEN_DROP,18
Karnataka,Gadag,CRITICAL_GROUNDWATER,4
Karnataka,Gadag,DEPLETION_WARNING,3
Karnataka,Gadag,RECOVERY_SIGNAL,7
Karnataka,Gadag,SUDDEN_DROP,9
Karnataka,Hassan,CRITICAL_GROUNDWATER,11
Karnataka,Hassan,DEPLETION_WARNING,5
Karnataka,Hassan,RECOVERY_SIGNAL,14
Karnataka,Hassan,SUDDEN_DROP,12
Karnataka,Haveri,CRITICAL_GROUNDWATER,3
Karnataka,Haveri,DEPLETION_WARNING,2
Karnataka,Haveri,RECOVERY_SIGNAL,18
Karnataka,Haveri,SUDDEN_DROP,14
Karnataka,Kalaburagi,CRITICAL_GROUNDWATER,11
Karnataka,Kalaburagi,DEPLETION_WARNING,5
Karnataka,Kalaburagi,RECOVERY_SIGNAL,23
Karnataka,Kalaburagi,SUDDEN_DROP,24
Karnataka,Kodagu,CRITICAL_GROUNDWATER,36
Karnataka,Kodagu,DEPLETION_WARNING,11
Karnataka,Kodagu,RECOVERY_SIGNAL,27
Karnataka,Kodagu,SUDDEN_DROP,23
Karnataka,Kolar,CRITICAL_GROUNDWATER,6
Karnataka,Kolar,DEPLETION_WARNING,1
Karnataka,Kolar,RECOVERY_SIGNAL,15
Karnataka,Kolar,SUDDEN_DROP,14
Karnataka,Koppal,CRITICAL_GROUNDWATER,4
Karnataka,Koppal,DEPLETION_WARNING,4
Karnataka,Koppal,RECOVERY_SIGNAL,4
Karnataka,Koppal,SUDDEN_DROP,11
Karnataka,Mandya,CRITICAL_GROUNDWATER,6
Karnataka,Mandya,DEPLETION_WARNING,2
Karnataka,Mandya,RECOVERY_SIGNAL,8
Karnataka,Mandya,SUDDEN_DROP,10
Karnataka,Mysuru,CRITICAL_GROUNDWATER,20
Karnataka,Mysuru,DEPLETION_WARNING,4
Karnataka,Mysuru,RECOVERY_SIGNAL,13
Karnataka,Mysuru,SUDDEN_DROP,16
Karnataka,Raichur,CRITICAL_GROUNDWATER,7
Karnataka,Raichur,RECOVERY_SIGNAL,17
Karnataka,Raichur,SUDDEN_DROP,28
Karnataka,Ramanagara,CRITICAL_GROUNDWATER,6
Karnataka,Ramanagara,DEPLETION_WARNING,2
Karnataka,Ramanagara,RECOVERY_SIGNAL,8
Karnataka,Ramanagara,SUDDEN_DROP,5
Karnataka,Shivamogga,CRITICAL_GROUNDWATER,14
Karnataka,Shivamogga,DEPLETION_WARNING,4
Karnataka,Shivamogga,RECOVERY_SIGNAL,7
Karnataka,Shivamogga,SUDDEN_DROP,8
Karnataka,Tumakuru,CRITICAL_GROUNDWATER,5
Karnataka,Tumakuru,DEPLETION_WARNING,1
Karnataka,Tumakuru,RECOVERY_SIGNAL,11
Karnataka,Tumakuru,SUDDEN_DROP,10
Karnataka,Udupi,CRITICAL_GROUNDWATER,22
Karnataka,Udupi,DEPLETION_WARNING,12
Karnataka,Udupi,RECOVERY_SIGNAL,7
Karnataka,Udupi,SUDDEN_DROP,6
Karnataka,Uttara Kannada,CRITICAL_GROUNDWATER,11
Karnataka,Uttara Kannada,DEPLETION_WARNING,3
Karnataka,Uttara Kannada,RECOVERY_SIGNAL,5
Karnataka,Uttara Kannada,SUDDEN_DROP,4
Karnataka,Vijayanagar,CRITICAL_GROUNDWATER,3
Karnataka,Vijayanagar,DEPLETION_WARNING,2
Karnataka,Vijayanagar,RECOVERY_SIGNAL,7
Karnataka,Vijayanagar,SUDDEN_DROP,13
Karnataka,Vijayapura,CRITICAL_GROUNDWATER,5
Karnataka,Vijayapura,DEPLETION_WARNING,3
Karnataka,Vijayapura,RECOVERY_SIGNAL,9
Karnataka,Vijayapura,SUDDEN_DROP,13
Karnataka,Yadgir,CRITICAL_GROUNDWATER,4
Karnataka,Yadgir,DEPLETION_WARNING,1
Karnataka,Yadgir,RECOVERY_SIGNAL,4
Karnataka,Yadgir,SUDDEN_DROP,8
Kerala,Alappuzha,CRITICAL_GROUNDWATER,66
Kerala,Alappuzha,DEPLETION_WARNING,20
Kerala,Alappuzha,RECOVERY_SIGNAL,8
Kerala,Alappuzha,SUDDEN_DROP,17
Kerala,Ernakulam,CRITICAL_GROUNDWATER,54
Kerala,Ernakulam,DEPLETION_WARNING,16
Kerala,Ernakulam,RECOVERY_SIGNAL,7
Kerala,Ernakulam,SUDDEN_DROP,23
Kerala,Idukki,CRITICAL_GROUNDWATER,93
Kerala,Idukki,DEPLETION_WARNING,26
Kerala,Idukki,RECOVERY_SIGNAL,6
Kerala,Idukki,SUDDEN_DROP,20
Kerala,Kannur,CRITICAL_GROUNDWATER,57
Kerala,Kannur,DEPLETION_WARNING,37
Kerala,Kannur,RECOVERY_SIGNAL,15
Kerala,Kannur,SUDDEN_DROP,26
Kerala,Kasaragod,CRITICAL_GROUNDWATER,194
Kerala,Kasaragod,DEPLETION_WARNING,51
Kerala,Kasaragod,RECOVERY_SIGNAL,54
Kerala,Kasaragod,SUDDEN_DROP,82
Kerala,Kollam,CRITICAL_GROUNDWATER,79
Kerala,Kollam,DEPLETION_WARNING,38
Kerala,Kollam,RECOVERY_SIGNAL,24
Kerala,Kollam,SUDDEN_DROP,29
Kerala,Kottayam,CRITICAL_GROUNDWATER,68
Kerala,Kottayam,DEPLETION_WARNING,31
Kerala,Kottayam,RECOVERY_SIGNAL,10
Kerala,Kottayam,SUDDEN_DROP,23
Kerala,Kozhikode,CRITICAL_GROUNDWATER,123
Kerala,Kozhikode,DEPLETION_WARNING,16
Kerala,Kozhikode,RECOVERY_SIGNAL,10
Kerala,Kozhikode,SUDDEN_DROP,21
Kerala,Malappuram,CRITICAL_GROUNDWATER,74
Kerala,Malappuram,DEPLETION_WARNING,34
Kerala,Malappuram,RECOVERY_SIGNAL,17
Kerala,Malappuram,SUDDEN_DROP,37
Kerala,Palakkad,CRITICAL_GROUNDWATER,47
Kerala,Palakkad,DEPLETION_WARNING,35
Kerala,Palakkad,RECOVERY_SIGNAL,44
Kerala,Palakkad,SUDDEN_DROP,35
Kerala,Pathanamthitta,CRITICAL_GROUNDWATER,105
Kerala,Pathanamthitta,DEPLETION_WARNING,34
Kerala,Pathanamthitta,RECOVERY_SIGNAL,16
Kerala,Pathanamthitta,SUDDEN_DROP,16
Kerala,Thiruvananthapuram,CRITICAL_GROUNDWATER,49
Kerala,Thiruvananthapuram,DEPLETION_WARNING,44
Kerala,Thiruvananthapuram,RECOVERY_SIGNAL,25
Kerala,Thiruvananthapuram,SUDDEN_DROP,45
Kerala,Thrissur,CRITICAL_GROUNDWATER,71
Kerala,Thrissur,DEPLETION_WARNING,12
Kerala,Thrissur,RECOVERY_SIGNAL,8
Kerala,Thrissur,SUDDEN_DROP,18
Kerala,Wayanad,CRITICAL_GROUNDWATER,163
Kerala,Wayanad,DEPLETION_WARNING,40
Kerala,Wayanad,RECOVERY_SIGNAL,52
Kerala,Wayanad,SUDDEN_DROP,58
Madhya Pradesh,Agar-Malwa,CRITICAL_GROUNDWATER,7
Madhya Pradesh,Agar-Malwa,DEPLETION_WARNING,3
Madhya Pradesh,Agar-Malwa,SUDDEN_DROP,10
Madhya Pradesh,Alirajpur,CRITICAL_GROUNDWATER,3
Madhya Pradesh,Alirajpur,DEPLETION_WARNING,1
Madhya Pradesh,Alirajpur,RECOVERY_SIGNAL,5
Madhya Pradesh,Alirajpur,SUDDEN_DROP,13
Madhya Pradesh,Anuppur,CRITICAL_GROUNDWATER,16
Madhya Pradesh,Anuppur,DEPLETION_WARNING,3
Madhya Pradesh,Anuppur,RECOVERY_SIGNAL,5
Madhya Pradesh,Anuppur,SUDDEN_DROP,15
Madhya Pradesh,Ashoknagar,CRITICAL_GROUNDWATER,11
Madhya Pradesh,Ashoknagar,DEPLETION_WARNING,10
Madhya Pradesh,Ashoknagar,RECOVERY_SIGNAL,3
Madhya Pradesh,Ashoknagar,SUDDEN_DROP,8
Madhya Pradesh,Balaghat,CRITICAL_GROUNDWATER,13
Madhya Pradesh,Balaghat,DEPLETION_WARNING,7
Madhya Pradesh,Balaghat,RECOVERY_SIGNAL,5
Madhya Pradesh,Balaghat,SUDDEN_DROP,13
Madhya Pradesh,Barwani,CRITICAL_GROUNDWATER,2
Madhya Pradesh,Barwani,DEPLETION_WARNING,2
Madhya Pradesh,Barwani,RECOVERY_SIGNAL,6
Madhya Pradesh,Barwani,SUDDEN_DROP,6
Madhya Pradesh,Betul,CRITICAL_GROUNDWATER,8
Madhya Pradesh,Betul,DEPLETION_WARNING,7
Madhya Pradesh,Betul,RECOVERY_SIGNAL,3
Madhya Pradesh,Betul,SUDDEN_DROP,10
Madhya Pradesh,Bhind,CRITICAL_GROUNDWATER,12
Madhya Pradesh,Bhind,DEPLETION_WARNING,5
Madhya Pradesh,Bhind,RECOVERY_SIGNAL,8
Madhya Pradesh,Bhind,SUDDEN_DROP,22
Madhya Pradesh,Bhopal,CRITICAL_GROUNDWATER,12
Madhya Pradesh,Bhopal,DEPLETION_WARNING,8
Madhya Pradesh,Bhopal,RECOVERY_SIGNAL,3
Madhya Pradesh,Bhopal,SUDDEN_DROP,6
Madhya Pradesh,Burhanpur,CRITICAL_GROUNDWATER,13
Madhya Pradesh,Burhanpur,DEPLETION_WARNING,4
Madhya Pradesh,Burhanpur,RECOVERY_SIGNAL,8
Madhya Pradesh,Burhanpur,SUDDEN_DROP,17
Madhya Pradesh,Chhatarpur,CRITICAL_GROUNDWATER,27
Madhya Pradesh,Chhatarpur,DEPLETION_WARNING,5
Madhya Pradesh,Chhatarpur,RECOVERY_SIGNAL,11
Madhya Pradesh,Chhatarpur,SUDDEN_DROP,29
Madhya Pradesh,Chhindwara,CRITICAL_GROUNDWATER,15
Madhya Pradesh,Chhindwara,DEPLETION_WARNING,2
Madhya Pradesh,Chhindwara,RECOVERY_SIGNAL,3
Madhya Pradesh,Chhindwara,SUDDEN_DROP,6
Madhya Pradesh,Damoh,CRITICAL_GROUNDWATER,10
Madhya Pradesh,Damoh,DEPLETION_WARNING,7
Madhya Pradesh,Damoh,RECOVERY_SIGNAL,1
Madhya Pradesh,Damoh,SUDDEN_DROP,6
Madhya Pradesh,Datia,CRITICAL_GROUNDWATER,9
Madhya Pradesh,Datia,DEPLETION_WARNING,3
Madhya Pradesh,Datia,RECOVERY_SIGNAL,8
Madhya Pradesh,Datia,SUDDEN_DROP,8
Madhya Pradesh,Dewas,CRITICAL_GROUNDWATER,8
Madhya Pradesh,Dewas,DEPLETION_WARNING,6
Madhya Pradesh,Dewas,RECOVERY_SIGNAL,6
Madhya Pradesh,Dewas,SUDDEN_DROP,16
Madhya Pradesh,Dhar,CRITICAL_GROUNDWATER,10
Madhya Pradesh,Dhar,DEPLETION_WARNING,4
Madhya Pradesh,Dhar,RECOVERY_SIGNAL,2
Madhya Pradesh,Dhar,SUDDEN_DROP,11
Madhya Pradesh,Dindori,CRITICAL_GROUNDWATER,17
Madhya Pradesh,Dindori,DEPLETION_WARNING,3
Madhya Pradesh,Dindori,RECOVERY_SIGNAL,1
Madhya Pradesh,Dindori,SUDDEN_DROP,5
Madhya Pradesh,Guna,CRITICAL_GROUNDWATER,13
Madhya Pradesh,Guna,DEPLETION_WARNING,2
Madhya Pradesh,Guna,RECOVERY_SIGNAL,2
Madhya Pradesh,Guna,SUDDEN_DROP,11
Madhya Pradesh,Gwalior,CRITICAL_GROUNDWATER,28
Madhya Pradesh,Gwalior,DEPLETION_WARNING,5
Madhya Pradesh,Gwalior,RECOVERY_SIGNAL,12
Madhya Pradesh,Gwalior,SUDDEN_DROP,17
Madhya Pradesh,Harda,CRITICAL_GROUNDWATER,5
Madhya Pradesh,Harda,DEPLETION_WARNING,5
Madhya Pradesh,Harda,RECOVERY_SIGNAL,9
Madhya Pradesh,Harda,SUDDEN_DROP,8
Madhya Pradesh,Indore,CRITICAL_GROUNDWATER,21
Madhya Pradesh,Indore,DEPLETION_WARNING,7
Madhya Pradesh,Indore,RECOVERY_SIGNAL,17
Madhya Pradesh,Indore,SUDDEN_DROP,45
Madhya Pradesh,Jabalpur,CRITICAL_GROUNDWATER,32
Madhya Pradesh,Jabalpur,DEPLETION_WARNING,10
Madhya Pradesh,Jabalpur,RECOVERY_SIGNAL,12
Madhya Pradesh,Jabalpur,SUDDEN_DROP,20
Madhya Pradesh,Jhabua,CRITICAL_GROUNDWATER,4
Madhya Pradesh,Jhabua,RECOVERY_SIGNAL,1
Madhya Pradesh,Jhabua,SUDDEN_DROP,1
Madhya Pradesh,Katni,CRITICAL_GROUNDWATER,3
Madhya Pradesh,Katni,DEPLETION_WARNING,2
Madhya Pradesh,Katni,RECOVERY_SIGNAL,3
Madhya Pradesh,Katni,SUDDEN_DROP,10
Madhya Pradesh,Khandwa (East Nimar),CRITICAL_GROUNDWATER,13
Madhya Pradesh,Khandwa (East Nimar),DEPLETION_WARNING,6
Madhya Pradesh,Khandwa (East Nimar),RECOVERY_SIGNAL,8
Madhya Pradesh,Khandwa (East Nimar),SUDDEN_DROP,12
Madhya Pradesh,Khargone (West Nimar),CRITICAL_GROUNDWATER,5
Madhya Pradesh,Khargone (West Nimar),DEPLETION_WARNING,4
Madhya Pradesh,Khargone (West Nimar),RECOVERY_SIGNAL,11
Madhya Pradesh,Khargone (West Nimar),SUDDEN_DROP,19
Madhya Pradesh,Maihar,CRITICAL_GROUNDWATER,2
Madhya Pradesh,Maihar,RECOVERY_SIGNAL,3
Madhya Pradesh,Maihar,SUDDEN_DROP,9
Madhya Pradesh,Mandla,CRITICAL_GROUNDWATER,8
Madhya Pradesh,Mandla,DEPLETION_WARNING,3
Madhya Pradesh,Mandla,RECOVERY_SIGNAL,5
Madhya Pradesh,Mandla,SUDDEN_DROP,12
Madhya Pradesh,Mandsaur,CRITICAL_GROUNDWATER,4
Madhya Pradesh,Mandsaur,DEPLETION_WARNING,1
Madhya Pradesh,Mandsaur,RECOVERY_SIGNAL,18
Madhya Pradesh,Mandsaur,SUDDEN_DROP,30
Madhya Pradesh,Mauganj,CRITICAL_GROUNDWATER,11
Madhya Pradesh,Mauganj,DEPLETION_WARNING,4
Madhya Pradesh,Mauganj,RECOVERY_SIGNAL,9
Madhya Pradesh,Mauganj,SUDDEN_DROP,8
Madhya Pradesh,Morena,CRITICAL_GROUNDWATER,15
Madhya Pradesh,Morena,RECOVERY_SIGNAL,5
Madhya Pradesh,Morena,SUDDEN_DROP,6
Madhya Pradesh,Narmadapuram,CRITICAL_GROUNDWATER,5
Madhya Pradesh,Narmadapuram,DEPLETION_WARNING,2
Madhya Pradesh,Narmadapuram,RECOVERY_SIGNAL,3
Madhya Pradesh,Narmadapuram,SUDDEN_DROP,3
Madhya Pradesh,Narsimhapur,RECOVERY_SIGNAL,1
Madhya Pradesh,Narsimhapur,SUDDEN_DROP,7
Madhya Pradesh,Neemuch,CRITICAL_GROUNDWATER,3
Madhya Pradesh,Neemuch,RECOVERY_SIGNAL,18
Madhya Pradesh,Neemuch,SUDDEN_DROP,27
Madhya Pradesh,Niwari,CRITICAL_GROUNDWATER,5
Madhya Pradesh,Niwari,DEPLETION_WARNING,1
Madhya Pradesh,Niwari,RECOVERY_SIGNAL,9
Madhya Pradesh,Niwari,SUDDEN_DROP,11
Madhya Pradesh,Pandhurna,CRITICAL_GROUNDWATER,4
Madhya Pradesh,Pandhurna,DEPLETION_WARNING,3
Madhya Pradesh,Pandhurna,RECOVERY_SIGNAL,6
Madhya Pradesh,Pandhurna,SUDDEN_DROP,11
Madhya Pradesh,Panna,CRITICAL_GROUNDWATER,6
Madhya Pradesh,Panna,DEPLETION_WARNING,4
Madhya Pradesh,Panna,RECOVERY_SIGNAL,2
Madhya Pradesh,Panna,SUDDEN_DROP,12
Madhya Pradesh,Raisen,CRITICAL_GROUNDWATER,14
Madhya Pradesh,Raisen,DEPLETION_WARNING,3
Madhya Pradesh,Raisen,RECOVERY_SIGNAL,7
Madhya Pradesh,Raisen,SUDDEN_DROP,15
Madhya Pradesh,Rajgarh,CRITICAL_GROUNDWATER,11
Madhya Pradesh,Rajgarh,DEPLETION_WARNING,6
Madhya Pradesh,Rajgarh,RECOVERY_SIGNAL,3
Madhya Pradesh,Rajgarh,SUDDEN_DROP,14
Madhya Pradesh,Ratlam,CRITICAL_GROUNDWATER,2
Madhya Pradesh,Ratlam,RECOVERY_SIGNAL,17
Madhya Pradesh,Ratlam,SUDDEN_DROP,24
Madhya Pradesh,Rewa,CRITICAL_GROUNDWATER,15
Madhya Pradesh,Rewa,DEPLETION_WARNING,4
Madhya Pradesh,Rewa,RECOVERY_SIGNAL,16
Madhya Pradesh,Rewa,SUDDEN_DROP,22
Madhya Pradesh,Sagar,CRITICAL_GROUNDWATER,4
Madhya Pradesh,Sagar,DEPLETION_WARNING,1
Madhya Pradesh,Sagar,SUDDEN_DROP,4
Madhya Pradesh,Satna,CRITICAL_GROUNDWATER,5
Madhya Pradesh,Satna,DEPLETION_WARNING,1
Madhya Pradesh,Satna,RECOVERY_SIGNAL,3
Madhya Pradesh,Satna,SUDDEN_DROP,10
Madhya Pradesh,Sehore,CRITICAL_GROUNDWATER,12
Madhya Pradesh,Sehore,DEPLETION_WARNING,2
Madhya Pradesh,Sehore,RECOVERY_SIGNAL,5
Madhya Pradesh,Sehore,SUDDEN_DROP,11
Madhya Pradesh,Seoni,CRITICAL_GROUNDWATER,6
Madhya Pradesh,Seoni,DEPLETION_WARNING,1
Madhya Pradesh,Seoni,RECOVERY_SIGNAL,1
Madhya Pradesh,Seoni,SUDDEN_DROP,6
Madhya Pradesh,Shahdol,CRITICAL_GROUNDWATER,16
Madhya Pradesh,Shahdol,DEPLETION_WARNING,3
Madhya Pradesh,Shahdol,RECOVERY_SIGNAL,4
Madhya Pradesh,Shahdol,SUDDEN_DROP,25
Madhya Pradesh,Shajapur,CRITICAL_GROUNDWATER,13
Madhya Pradesh,Shajapur,DEPLETION_WARNING,2
Madhya Pradesh,Shajapur,RECOVERY_SIGNAL,10
Madhya Pradesh,Shajapur,SUDDEN_DROP,12
Madhya Pradesh,Sheopur,CRITICAL_GROUNDWATER,18
Madhya Pradesh,Sheopur,DEPLETION_WARNING,5
Madhya Pradesh,Sheopur,RECOVERY_SIGNAL,4
Madhya Pradesh,Sheopur,SUDDEN_DROP,18
Madhya Pradesh,Shivpuri,CRITICAL_GROUNDWATER,9
Madhya Pradesh,Shivpuri,DEPLETION_WARNING,5
Madhya Pradesh,Shivpuri,RECOVERY_SIGNAL,4
Madhya Pradesh,Shivpuri,SUDDEN_DROP,15
Madhya Pradesh,Sidhi,CRITICAL_GROUNDWATER,15
Madhya Pradesh,Sidhi,DEPLETION_WARNING,10
Madhya Pradesh,Sidhi,RECOVERY_SIGNAL,19
Madhya Pradesh,Sidhi,SUDDEN_DROP,18
Madhya Pradesh,Singrauli,CRITICAL_GROUNDWATER,9
Madhya Pradesh,Singrauli,DEPLETION_WARNING,3
Madhya Pradesh,Singrauli,RECOVERY_SIGNAL,10
Madhya Pradesh,Singrauli,SUDDEN_DROP,14
Madhya Pradesh,Tikamgarh,CRITICAL_GROUNDWATER,14
Madhya Pradesh,Tikamgarh,DEPLETION_WARNING,5
Madhya Pradesh,Tikamgarh,RECOVERY_SIGNAL,16
Madhya Pradesh,Tikamgarh,SUDDEN_DROP,24
Madhya Pradesh,Ujjain,CRITICAL_GROUNDWATER,11
Madhya Pradesh,Ujjain,DEPLETION_WARNING,6
Madhya Pradesh,Ujjain,RECOVERY_SIGNAL,12
Madhya Pradesh,Ujjain,SUDDEN_DROP,30
Madhya Pradesh,Umaria,CRITICAL_GROUNDWATER,6
Madhya Pradesh,Umaria,DEPLETION_WARNING,1
Madhya Pradesh,Umaria,RECOVERY_SIGNAL,6
Madhya Pradesh,Umaria,SUDDEN_DROP,13
Madhya Pradesh,Vidisha,CRITICAL_GROUNDWATER,8
Madhya Pradesh,Vidisha,DEPLETION_WARNING,2
Madhya Pradesh,Vidisha,RECOVERY_SIGNAL,1
Madhya Pradesh,Vidisha,SUDDEN_DROP,6
Maharashtra,Amravati,CRITICAL_GROUNDWATER,5
Maharashtra,Amravati,DEPLETION_WARNING,4
Maharashtra,Amravati,RECOVERY_SIGNAL,1
Maharashtra,Amravati,SUDDEN_DROP,4
Maharashtra,Beed,CRITICAL_GROUNDWATER,3
Maharashtra,Beed,DEPLETION_WARNING,1
Maharashtra,Beed,SUDDEN_DROP,6
Maharashtra,Chandrapur,SUDDEN_DROP,3
Maharashtra,Dhule,SUDDEN_DROP,2
Maharashtra,Gadchiroli,CRITICAL_GROUNDWATER,4
Maharashtra,Gadchiroli,DEPLETION_WARNING,4
Maharashtra,Gadchiroli,RECOVERY_SIGNAL,2
Maharashtra,Gadchiroli,SUDDEN_DROP,4
Maharashtra,Hingoli,SUDDEN_DROP,2
Maharashtra,Jalgaon,SUDDEN_DROP,2
Maharashtra,Nandurbar,SUDDEN_DROP,1
Maharashtra,Palghar,SUDDEN_DROP,2
Maharashtra,Ratnagiri,CRITICAL_GROUNDWATER,1
Maharashtra,Ratnagiri,RECOVERY_SIGNAL,1
Maharashtra,Ratnagiri,SUDDEN_DROP,1
Maharashtra,Sangli,SUDDEN_DROP,1
Maharashtra,Satara,CRITICAL_GROUNDWATER,3
Maharashtra,Satara,DEPLETION_WARNING,1
Maharashtra,Satara,RECOVERY_SIGNAL,1
Maharashtra,Satara,SUDDEN_DROP,6
Maharashtra,Thane,SUDDEN_DROP,3
Maharashtra,Wardha,CRITICAL_GROUNDWATER,1
Maharashtra,Wardha,DEPLETION_WARNING,1
Maharashtra,Wardha,SUDDEN_DROP,2
Maharashtra,Washim,SUDDEN_DROP,1
Meghalaya,East Garo Hills,CRITICAL_GROUNDWATER,13
Meghalaya,East Garo Hills,DEPLETION_WARNING,1
Meghalaya,East Garo Hills,RECOVERY_SIGNAL,3
Meghalaya,East Garo Hills,SUDDEN_DROP,4
Meghalaya,East Khasi Hills,CRITICAL_GROUNDWATER,1
Meghalaya,East Khasi Hills,DEPLETION_WARNING,1
Meghalaya,East Khasi Hills,RECOVERY_SIGNAL,2
Meghalaya,East Khasi Hills,SUDDEN_DROP,4
Meghalaya,Eastern West Khasi Hills,CRITICAL_GROUNDWATER,2
Meghalaya,North Garo Hills,CRITICAL_GROUNDWATER,3
Meghalaya,North Garo Hills,DEPLETION_WARNING,4
Meghalaya,North Garo Hills,RECOVERY_SIGNAL,2
Meghalaya,North Garo Hills,SUDDEN_DROP,1
Meghalaya,Ri Bhoi,CRITICAL_GROUNDWATER,3
Meghalaya,Ri Bhoi,DEPLETION_WARNING,6
Meghalaya,West Garo Hills,DEPLETION_WARNING,2
Meghalaya,West Jaintia Hills,CRITICAL_GROUNDWATER,1
Meghalaya,West Jaintia Hills,DEPLETION_WARNING,2
Nagaland,Dimapur,CRITICAL_GROUNDWATER,9
Nagaland,Dimapur,DEPLETION_WARNING,6
Nagaland,Dimapur,RECOVERY_SIGNAL,6
Nagaland,Dimapur,SUDDEN_DROP,9
Puducherry,Pondicherry,CRITICAL_GROUNDWATER,1
Puducherry,Pondicherry,DEPLETION_WARNING,1
Punjab,Amritsar,CRITICAL_GROUNDWATER,13
Punjab,Amritsar,DEPLETION_WARNING,6
Punjab,Amritsar,RECOVERY_SIGNAL,3
Punjab,Amritsar,SUDDEN_DROP,4
Punjab,Barnala,CRITICAL_GROUNDWATER,6
Punjab,Barnala,RECOVERY_SIGNAL,15
Punjab,Barnala,SUDDEN_DROP,1
Punjab,Bathinda,CRITICAL_GROUNDWATER,15
Punjab,Bathinda,DEPLETION_WARNING,9
Punjab,Bathinda,RECOVERY_SIGNAL,20
Punjab,Faridkot,CRITICAL_GROUNDWATER,21
Punjab,Faridkot,DEPLETION_WARNING,7
Punjab,Faridkot,RECOVERY_SIGNAL,8
Punjab,Faridkot,SUDDEN_DROP,1
Punjab,Fatehgarh Sahib,CRITICAL_GROUNDWATER,8
Punjab,Fatehgarh Sahib,DEPLETION_WARNING,10
Punjab,Fatehgarh Sahib,RECOVERY_SIGNAL,7
Punjab,Fatehgarh Sahib,SUDDEN_DROP,1
Punjab,Fazilka,CRITICAL_GROUNDWATER,7
Punjab,Fazilka,DEPLETION_WARNING,7
Punjab,Fazilka,RECOVERY_SIGNAL,4
Punjab,Fazilka,SUDDEN_DROP,3
Punjab,Ferozepur,CRITICAL_GROUNDWATER,12
Punjab,Ferozepur,DEPLETION_WARNING,3
Punjab,Ferozepur,RECOVERY_SIGNAL,2
Punjab,Ferozepur,SUDDEN_DROP,2
Punjab,Gurdaspur,CRITICAL_GROUNDWATER,10
Punjab,Gurdaspur,DEPLETION_WARNING,4
Punjab,Gurdaspur,RECOVERY_SIGNAL,1
Punjab,Gurdaspur,SUDDEN_DROP,3
Punjab,Hoshiarpur,CRITICAL_GROUNDWATER,25
Punjab,Hoshiarpur,DEPLETION_WARNING,9
Punjab,Hoshiarpur,RECOVERY_SIGNAL,9
Punjab,Hoshiarpur,SUDDEN_DROP,9
Punjab,Jalandhar,CRITICAL_GROUNDWATER,16
Punjab,Jalandhar,DEPLETION_WARNING,6
Punjab,Jalandhar,RECOVERY_SIGNAL,12
Punjab,Jalandhar,SUDDEN_DROP,1
Punjab,Kapurthala,CRITICAL_GROUNDWATER,7
Punjab,Kapurthala,DEPLETION_WARNING,6
Punjab,Kapurthala,RECOVERY_SIGNAL,5
Punjab,Kapurthala,SUDDEN_DROP,6
Punjab,Ludhiana,CRITICAL_GROUNDWATER,15
Punjab,Ludhiana,DEPLETION_WARNING,9
Punjab,Ludhiana,RECOVERY_SIGNAL,5
Punjab,Ludhiana,SUDDEN_DROP,1
Punjab,Malerkotla,CRITICAL_GROUNDWATER,2
Punjab,Malerkotla,DEPLETION_WARNING,1
Punjab,Malerkotla,RECOVERY_SIGNAL,3
Punjab,Mansa,CRITICAL_GROUNDWATER,8
Punjab,Mansa,DEPLETION_WARNING,3
Punjab,Mansa,RECOVERY_SIGNAL,8
Punjab,Mansa,SUDDEN_DROP,1
Punjab,Moga,CRITICAL_GROUNDWATER,8
Punjab,Moga,DEPLETION_WARNING,2
Punjab,Moga,RECOVERY_SIGNAL,14
Punjab,Pathankot,CRITICAL_GROUNDWATER,22
Punjab,Pathankot,DEPLETION_WARNING,8
Punjab,Pathankot,RECOVERY_SIGNAL,10
Punjab,Pathankot,SUDDEN_DROP,4
Punjab,Patiala,CRITICAL_GROUNDWATER,22
Punjab,Patiala,DEPLETION_WARNING,6
Punjab,Patiala,RECOVERY_SIGNAL,9
Punjab,Patiala,SUDDEN_DROP,4
Punjab,Rupnagar,CRITICAL_GROUNDWATER,12
Punjab,Rupnagar,DEPLETION_WARNING,9
Punjab,Rupnagar,RECOVERY_SIGNAL,4
Punjab,Rupnagar,SUDDEN_DROP,4
Punjab,S.A.S Nagar,CRITICAL_GROUNDWATER,5
Punjab,S.A.S Nagar,DEPLETION_WARNING,6
Punjab,S.A.S Nagar,RECOVERY_SIGNAL,1
Punjab,S.A.S Nagar,SUDDEN_DROP,3
Punjab,Sangrur,CRITICAL_GROUNDWATER,6
Punjab,Sangrur,DEPLETION_WARNING,1
Punjab,Sangrur,RECOVERY_SIGNAL,12
Punjab,SangrurSangrur,RECOVERY_SIGNAL,1
Punjab,SangrurSunam,RECOVERY_SIGNAL,1
Punjab,Shahid Bhagat Singh Nagar Aur,CRITICAL_GROUNDWATER,6
Punjab,Shahid Bhagat Singh Nagar Aur,RECOVERY_SIGNAL,3
Punjab,Shahid Bhagat Singh Nagar Aur,SUDDEN_DROP,10
Punjab,Shahid Bhagat Singh Nagar Nawanshahr,CRITICAL_GROUNDWATER,7
Punjab,Shahid Bhagat Singh Nagar Nawanshahr,DEPLETION_WARNING,1
Punjab,Sri Muktsar Sahib,CRITICAL_GROUNDWATER,10
Punjab,Sri Muktsar Sahib,DEPLETION_WARNING,7
Punjab,Sri Muktsar Sahib,RECOVERY_SIGNAL,2
Punjab,Sri Muktsar Sahib,SUDDEN_DROP,2
Punjab,Tarn Taran,CRITICAL_GROUNDWATER,6
Punjab,Tarn Taran,DEPLETION_WARNING,2
Punjab,Tarn Taran,RECOVERY_SIGNAL,7
Punjab,Tarn Taran,SUDDEN_DROP,1
Rajasthan,Ajmer,CRITICAL_GROUNDWATER,9
Rajasthan,Ajmer,DEPLETION_WARNING,5
Rajasthan,Ajmer,RECOVERY_SIGNAL,11
Rajasthan,Ajmer,SUDDEN_DROP,20
Rajasthan,Alwar,CRITICAL_GROUNDWATER,7
Rajasthan,Alwar,DEPLETION_WARNING,2
Rajasthan,Alwar,RECOVERY_SIGNAL,17
Rajasthan,Alwar,SUDDEN_DROP,7
Rajasthan,Anupgarh,CRITICAL_GROUNDWATER,5
Rajasthan,Anupgarh,DEPLETION_WARNING,1
Rajasthan,Anupgarh,RECOVERY_SIGNAL,3
Rajasthan,Anupgarh,SUDDEN_DROP,2
Rajasthan,Balotra,CRITICAL_GROUNDWATER,1
Rajasthan,Balotra,DEPLETION_WARNING,3
Rajasthan,Balotra,RECOVERY_SIGNAL,6
Rajasthan,Balotra,SUDDEN_DROP,4
Rajasthan,Banswara,CRITICAL_GROUNDWATER,22
Rajasthan,Banswara,DEPLETION_WARNING,13
Rajasthan,Banswara,RECOVERY_SIGNAL,19
Rajasthan,Banswara,SUDDEN_DROP,24
Rajasthan,Baran,CRITICAL_GROUNDWATER,15
Rajasthan,Baran,DEPLETION_WARNING,4
Rajasthan,Baran,RECOVERY_SIGNAL,5
Rajasthan,Baran,SUDDEN_DROP,15
Rajasthan,Barmer,CRITICAL_GROUNDWATER,32
Rajasthan,Barmer,DEPLETION_WARNING,9
Rajasthan,Barmer,RECOVERY_SIGNAL,18
Rajasthan,Barmer,SUDDEN_DROP,29
Rajasthan,Beawar,CRITICAL_GROUNDWATER,6
Rajasthan,Beawar,DEPLETION_WARNING,10
Rajasthan,Beawar,RECOVERY_SIGNAL,16
Rajasthan,Beawar,SUDDEN_DROP,27
Rajasthan,Bharatpur,CRITICAL_GROUNDWATER,11
Rajasthan,Bharatpur,DEPLETION_WARNING,4
Rajasthan,Bharatpur,RECOVERY_SIGNAL,21
Rajasthan,Bharatpur,SUDDEN_DROP,10
Rajasthan,Bhilwara,CRITICAL_GROUNDWATER,15
Rajasthan,Bhilwara,DEPLETION_WARNING,4
Rajasthan,Bhilwara,RECOVERY_SIGNAL,22
Rajasthan,Bhilwara,SUDDEN_DROP,29
Rajasthan,Bikaner,CRITICAL_GROUNDWATER,32
Rajasthan,Bikaner,DEPLETION_WARNING,14
Rajasthan,Bikaner,RECOVERY_SIGNAL,13
Rajasthan,Bikaner,SUDDEN_DROP,22
Rajasthan,Bundi,CRITICAL_GROUNDWATER,4
Rajasthan,Bundi,DEPLETION_WARNING,3
Rajasthan,Bundi,RECOVERY_SIGNAL,10
Rajasthan,Bundi,SUDDEN_DROP,8
Rajasthan,Chittorgarh,CRITICAL_GROUNDWATER,18
Rajasthan,Chittorgarh,DEPLETION_WARNING,4
Rajasthan,Chittorgarh,RECOVERY_SIGNAL,9
Rajasthan,Chittorgarh,SUDDEN_DROP,21
Rajasthan,Churu,CRITICAL_GROUNDWATER,11
Rajasthan,Churu,DEPLETION_WARNING,4
Rajasthan,Churu,RECOVERY_SIGNAL,9
Rajasthan,Churu,SUDDEN_DROP,14
Rajasthan,Dausa,CRITICAL_GROUNDWATER,11
Rajasthan,Dausa,DEPLETION_WARNING,4
Rajasthan,Dausa,RECOVERY_SIGNAL,16
Rajasthan,Dausa,SUDDEN_DROP,14
Rajasthan,Deeg,CRITICAL_GROUNDWATER,4
Rajasthan,Deeg,DEPLETION_WARNING,3
Rajasthan,Deeg,RECOVERY_SIGNAL,15
Rajasthan,Deeg,SUDDEN_DROP,8
Rajasthan,Dholpur,CRITICAL_GROUNDWATER,16
Rajasthan,Dholpur,DEPLETION_WARNING,7
Rajasthan,Dholpur,RECOVERY_SIGNAL,16
Rajasthan,Dholpur,SUDDEN_DROP,17
Rajasthan,Didwana-Kuchaman,CRITICAL_GROUNDWATER,7
Rajasthan,Didwana-Kuchaman,DEPLETION_WARNING,8
Rajasthan,Didwana-Kuchaman,RECOVERY_SIGNAL,10
Rajasthan,Didwana-Kuchaman,SUDDEN_DROP,11
Rajasthan,Dudu,CRITICAL_GROUNDWATER,18
Rajasthan,Dudu,DEPLETION_WARNING,6
Rajasthan,Dudu,RECOVERY_SIGNAL,19
Rajasthan,Dudu,SUDDEN_DROP,33
Rajasthan,Dungarpur,CRITICAL_GROUNDWATER,9
Rajasthan,Dungarpur,DEPLETION_WARNING,4
Rajasthan,Dungarpur,RECOVERY_SIGNAL,22
Rajasthan,Dungarpur,SUDDEN_DROP,15
Rajasthan,Ganganagar,CRITICAL_GROUNDWATER,16
Rajasthan,Ganganagar,DEPLETION_WARNING,11
Rajasthan,Ganganagar,RECOVERY_SIGNAL,4
Rajasthan,Ganganagar,SUDDEN_DROP,6
Rajasthan,Gangapurcity,CRITICAL_GROUNDWATER,6
Rajasthan,Gangapurcity,DEPLETION_WARNING,4
Rajasthan,Gangapurcity,RECOVERY_SIGNAL,6
Rajasthan,Gangapurcity,SUDDEN_DROP,7
Rajasthan,Hanumangarh,CRITICAL_GROUNDWATER,13
Rajasthan,Hanumangarh,DEPLETION_WARNING,9
Rajasthan,Hanumangarh,RECOVERY_SIGNAL,33
Rajasthan,Hanumangarh,SUDDEN_DROP,6
Rajasthan,Jaipur,CRITICAL_GROUNDWATER,1
Rajasthan,Jaipur,DEPLETION_WARNING,2
Rajasthan,Jaipur,RECOVERY_SIGNAL,2
Rajasthan,Jaipur,SUDDEN_DROP,5
Rajasthan,Jaipur (Gramin),CRITICAL_GROUNDWATER,7
Rajasthan,Jaipur (Gramin),DEPLETION_WARNING,1
Rajasthan,Jaipur (Gramin),RECOVERY_SIGNAL,11
Rajasthan,Jaipur (Gramin),SUDDEN_DROP,8
Rajasthan,Jaisalmer,CRITICAL_GROUNDWATER,34
Rajasthan,Jaisalmer,DEPLETION_WARNING,30
Rajasthan,Jaisalmer,RECOVERY_SIGNAL,21
Rajasthan,Jaisalmer,SUDDEN_DROP,25
Rajasthan,Jalore,DEPLETION_WARNING,1
Rajasthan,Jalore,RECOVERY_SIGNAL,6
Rajasthan,Jalore,SUDDEN_DROP,5
Rajasthan,Jhalawar,CRITICAL_GROUNDWATER,23
Rajasthan,Jhalawar,DEPLETION_WARNING,10
Rajasthan,Jhalawar,RECOVERY_SIGNAL,28
Rajasthan,Jhalawar,SUDDEN_DROP,33
Rajasthan,Jhunjhunu,RECOVERY_SIGNAL,2
Rajasthan,Jodhpur,CRITICAL_GROUNDWATER,2
Rajasthan,Jodhpur,DEPLETION_WARNING,4
Rajasthan,Jodhpur,RECOVERY_SIGNAL,5
Rajasthan,Jodhpur,SUDDEN_DROP,3
Rajasthan,Jodhpur (Gramin),CRITICAL_GROUNDWATER,13
Rajasthan,Jodhpur (Gramin),DEPLETION_WARNING,13
Rajasthan,Jodhpur (Gramin),RECOVERY_SIGNAL,21
Rajasthan,Jodhpur (Gramin),SUDDEN_DROP,24
Rajasthan,Karauli,CRITICAL_GROUNDWATER,14
Rajasthan,Karauli,DEPLETION_WARNING,8
Rajasthan,Karauli,RECOVERY_SIGNAL,19
Rajasthan,Karauli,SUDDEN_DROP,16
Rajasthan,Kekri,CRITICAL_GROUNDWATER,3
Rajasthan,Kekri,DEPLETION_WARNING,2
Rajasthan,Kekri,RECOVERY_SIGNAL,13
Rajasthan,Kekri,SUDDEN_DROP,12
Rajasthan,Khairthal-Tijara,CRITICAL_GROUNDWATER,1
Rajasthan,Khairthal-Tijara,DEPLETION_WARNING,1
Rajasthan,Khairthal-Tijara,RECOVERY_SIGNAL,13
Rajasthan,Khairthal-Tijara,SUDDEN_DROP,3
Rajasthan,Kota,CRITICAL_GROUNDWATER,11
Rajasthan,Kota,DEPLETION_WARNING,8
Rajasthan,Kota,RECOVERY_SIGNAL,11
Rajasthan,Kota,SUDDEN_DROP,11
Rajasthan,Kotputli-Behror,CRITICAL_GROUNDWATER,2
Rajasthan,Kotputli-Behror,DEPLETION_WARNING,3
Rajasthan,Kotputli-Behror,RECOVERY_SIGNAL,11
Rajasthan,Kotputli-Behror,SUDDEN_DROP,3
Rajasthan,Nagaur,CRITICAL_GROUNDWATER,2
Rajasthan,Nagaur,DEPLETION_WARNING,2
Rajasthan,Nagaur,SUDDEN_DROP,1
Rajasthan,Neem Ka Thana,CRITICAL_GROUNDWATER,1
Rajasthan,Neem Ka Thana,DEPLETION_WARNING,1
Rajasthan,Neem Ka Thana,RECOVERY_SIGNAL,1
Rajasthan,Neem Ka Thana,SUDDEN_DROP,2
Rajasthan,Pali,CRITICAL_GROUNDWATER,1
Rajasthan,Pali,DEPLETION_WARNING,2
Rajasthan,Pali,RECOVERY_SIGNAL,5
Rajasthan,Pali,SUDDEN_DROP,14
Rajasthan,Phalodi,CRITICAL_GROUNDWATER,1
Rajasthan,Phalodi,RECOVERY_SIGNAL,1
Rajasthan,Pratapgarh,CRITICAL_GROUNDWATER,14
Rajasthan,Pratapgarh,DEPLETION_WARNING,10
Rajasthan,Pratapgarh,RECOVERY_SIGNAL,13
Rajasthan,Pratapgarh,SUDDEN_DROP,21
Rajasthan,Rajsamand,CRITICAL_GROUNDWATER,20
Rajasthan,Rajsamand,DEPLETION_WARNING,9
Rajasthan,Rajsamand,RECOVERY_SIGNAL,25
Rajasthan,Rajsamand,SUDDEN_DROP,40
Rajasthan,Salumbar,CRITICAL_GROUNDWATER,3
Rajasthan,Salumbar,DEPLETION_WARNING,4
Rajasthan,Salumbar,RECOVERY_SIGNAL,15
Rajasthan,Salumbar,SUDDEN_DROP,14
Rajasthan,Sanchore,CRITICAL_GROUNDWATER,3
Rajasthan,Sanchore,DEPLETION_WARNING,2
Rajasthan,Sanchore,RECOVERY_SIGNAL,6
Rajasthan,Sanchore,SUDDEN_DROP,5
Rajasthan,Sawai Madhopur,CRITICAL_GROUNDWATER,7
Rajasthan,Sawai Madhopur,DEPLETION_WARNING,10
Rajasthan,Sawai Madhopur,RECOVERY_SIGNAL,17
Rajasthan,Sawai Madhopur,SUDDEN_DROP,20
Rajasthan,Shahpura,CRITICAL_GROUNDWATER,7
Rajasthan,Shahpura,DEPLETION_WARNING,3
Rajasthan,Shahpura,RECOVERY_SIGNAL,8
Rajasthan,Shahpura,SUDDEN_DROP,12
Rajasthan,Sikar,CRITICAL_GROUNDWATER,11
Rajasthan,Sikar,DEPLETION_WARNING,1
Rajasthan,Sikar,RECOVERY_SIGNAL,7
Rajasthan,Sikar,SUDDEN_DROP,6
Rajasthan,Sirohi,CRITICAL_GROUNDWATER,7
Rajasthan,Sirohi,DEPLETION_WARNING,9
Rajasthan,Sirohi,RECOVERY_SIGNAL,8
Rajasthan,Sirohi,SUDDEN_DROP,24
Rajasthan,Tonk,CRITICAL_GROUNDWATER,7
Rajasthan,Tonk,DEPLETION_WARNING,5
Rajasthan,Tonk,RECOVERY_SIGNAL,17
Rajasthan,Tonk,SUDDEN_DROP,12
Rajasthan,Udaipur,CRITICAL_GROUNDWATER,11
Rajasthan,Udaipur,DEPLETION_WARNING,9
Rajasthan,Udaipur,RECOVERY_SIGNAL,27
Rajasthan,Udaipur,SUDDEN_DROP,34
Tamil Nadu,Ariyalur,CRITICAL_GROUNDWATER,1
Tamil Nadu,Ariyalur,RECOVERY_SIGNAL,2
Tamil Nadu,Chengalpattu,CRITICAL_GROUNDWATER,5
Tamil Nadu,Chengalpattu,DEPLETION_WARNING,2
Tamil Nadu,Chengalpattu,RECOVERY_SIGNAL,1
Tamil Nadu,Chennai,CRITICAL_GROUNDWATER,4
Tamil Nadu,Chennai,DEPLETION_WARNING,1
Tamil Nadu,Chennai,RECOVERY_SIGNAL,1
Tamil Nadu,Chennai,SUDDEN_DROP,5
Tamil Nadu,Coimbatore,CRITICAL_GROUNDWATER,2
Tamil Nadu,Coimbatore,DEPLETION_WARNING,1
Tamil Nadu,Coimbatore,RECOVERY_SIGNAL,2
Tamil Nadu,Coimbatore,SUDDEN_DROP,7
Tamil Nadu,Cuddalore,CRITICAL_GROUNDWATER,2
Tamil Nadu,Cuddalore,DEPLETION_WARNING,3
Tamil Nadu,Dharmapuri,CRITICAL_GROUNDWATER,5
Tamil Nadu,Dharmapuri,SUDDEN_DROP,9
Tamil Nadu,Dindigul,CRITICAL_GROUNDWATER,2
Tamil Nadu,Dindigul,DEPLETION_WARNING,1
Tamil Nadu,Dindigul,SUDDEN_DROP,2
Tamil Nadu,Erode,RECOVERY_SIGNAL,3
Tamil Nadu,Erode,SUDDEN_DROP,6
Tamil Nadu,Karur,SUDDEN_DROP,3
Tamil Nadu,Krishnagiri,SUDDEN_DROP,1
Tamil Nadu,Madurai,CRITICAL_GROUNDWATER,2
Tamil Nadu,Madurai,DEPLETION_WARNING,1
Tamil Nadu,Madurai,SUDDEN_DROP,3
Tamil Nadu,Nagapattinam,CRITICAL_GROUNDWATER,1
Tamil Nadu,Namakkal,SUDDEN_DROP,3
Tamil Nadu,Perambalur,CRITICAL_GROUNDWATER,1
Tamil Nadu,Perambalur,SUDDEN_DROP,4
Tamil Nadu,Pudukkottai,CRITICAL_GROUNDWATER,2
Tamil Nadu,Pudukkottai,RECOVERY_SIGNAL,3
Tamil Nadu,Pudukkottai,SUDDEN_DROP,1
Tamil Nadu,Ramanathapuram,DEPLETION_WARNING,3
Tamil Nadu,Ramanathapuram,SUDDEN_DROP,4
Tamil Nadu,Salem,RECOVERY_SIGNAL,1
Tamil Nadu,Salem,SUDDEN_DROP,1
Tamil Nadu,Theni,CRITICAL_GROUNDWATER,4
Tamil Nadu,Theni,DEPLETION_WARNING,1
Tamil Nadu,Theni,RECOVERY_SIGNAL,1
Tamil Nadu,Theni,SUDDEN_DROP,5
Tamil Nadu,Thiruvallur,CRITICAL_GROUNDWATER,5
Tamil Nadu,Thiruvallur,DEPLETION_WARNING,1
Tamil Nadu,Thiruvallur,SUDDEN_DROP,1
Tamil Nadu,Thiruvarur,CRITICAL_GROUNDWATER,1
Tamil Nadu,Thiruvarur,DEPLETION_WARNING,1
Tamil Nadu,Thoothukkudi,CRITICAL_GROUNDWATER,2
Tamil Nadu,Thoothukkudi,SUDDEN_DROP,1
Tamil Nadu,Tiruchirappalli,CRITICAL_GROUNDWATER,2
Tamil Nadu,Tiruchirappalli,RECOVERY_SIGNAL,4
Tamil Nadu,Tiruchirappalli,SUDDEN_DROP,6
Tamil Nadu,Tiruppur,CRITICAL_GROUNDWATER,3
Tamil Nadu,Tiruppur,SUDDEN_DROP,7
Tamil Nadu,Tiruvannamalai,CRITICAL_GROUNDWATER,4
Tamil Nadu,Tiruvannamalai,RECOVERY_SIGNAL,1
Tamil Nadu,Tiruvannamalai,SUDDEN_DROP,3
Tamil Nadu,Vellore,CRITICAL_GROUNDWATER,1
Tamil Nadu,Vellore,SUDDEN_DROP,4
Tamil Nadu,Viluppuram,SUDDEN_DROP,1
Tamil Nadu,Virudhunagar,SUDDEN_DROP,3
Telangana,Adilabad,DEPLETION_WARNING,1
Telangana,Bhadradri Kothagudem,CRITICAL_GROUNDWATER,7
Telangana,Bhadradri Kothagudem,DEPLETION_WARNING,4
Telangana,Bhadradri Kothagudem,SUDDEN_DROP,1
Telangana,Hanumakonda,CRITICAL_GROUNDWATER,5
Telangana,Hanumakonda,DEPLETION_WARNING,1
Telangana,Hanumakonda,RECOVERY_SIGNAL,5
Telangana,Hanumakonda,SUDDEN_DROP,4
Telangana,Jagitial,CRITICAL_GROUNDWATER,3
Telangana,Jagitial,DEPLETION_WARNING,2
Telangana,Jagitial,RECOVERY_SIGNAL,4
Telangana,Jagitial,SUDDEN_DROP,6
Telangana,Jangaon,CRITICAL_GROUNDWATER,2
Telangana,Jangaon,DEPLETION_WARNING,3
Telangana,Jangaon,RECOVERY_SIGNAL,9
Telangana,Jangaon,SUDDEN_DROP,14
Telangana,Jayashankar Bhupalapally,CRITICAL_GROUNDWATER,4
Telangana,Jayashankar Bhupalapally,DEPLETION_WARNING,1
Telangana,Jayashankar Bhupalapally,RECOVERY_SIGNAL,2
Telangana,Jayashankar Bhupalapally,SUDDEN_DROP,5
Telangana,Jogulamba Gadwal,CRITICAL_GROUNDWATER,5
Telangana,Jogulamba Gadwal,DEPLETION_WARNING,3
Telangana,Jogulamba Gadwal,RECOVERY_SIGNAL,1
Telangana,Jogulamba Gadwal,SUDDEN_DROP,3
Telangana,Kamareddy,CRITICAL_GROUNDWATER,5
Telangana,Kamareddy,DEPLETION_WARNING,4
Telangana,Kamareddy,RECOVERY_SIGNAL,4
Telangana,Kamareddy,SUDDEN_DROP,8
Telangana,Karimnagar,DEPLETION_WARNING,1
Telangana,Karimnagar,RECOVERY_SIGNAL,8
Telangana,Karimnagar,SUDDEN_DROP,8
Telangana,Khammam,CRITICAL_GROUNDWATER,2
Telangana,Khammam,DEPLETION_WARNING,2
Telangana,Khammam,RECOVERY_SIGNAL,2
Telangana,Khammam,SUDDEN_DROP,3
Telangana,Kumuram Bheem Asifabad Sirpur (T),DEPLETION_WARNING,1
Telangana,Kumuram Bheem Asifabad Sirpur (T),RECOVERY_SIGNAL,1
Telangana,Mahabubabad,DEPLETION_WARNING,3
Telangana,Mahabubabad,RECOVERY_SIGNAL,5
Telangana,Mahabubabad,SUDDEN_DROP,3
Telangana,Mahabubnagar,CRITICAL_GROUNDWATER,1
Telangana,Mahabubnagar,RECOVERY_SIGNAL,1
Telangana,Mahabubnagar,SUDDEN_DROP,3
Telangana,Mancherial,CRITICAL_GROUNDWATER,1
Telangana,Mancherial,SUDDEN_DROP,1
Telangana,Medak,CRITICAL_GROUNDWATER,6
Telangana,Medak,DEPLETION_WARNING,2
Telangana,Medak,RECOVERY_SIGNAL,8
Telangana,Medak,SUDDEN_DROP,7
Telangana,Medchal Malkajgiri,CRITICAL_GROUNDWATER,5
Telangana,Medchal Malkajgiri,DEPLETION_WARNING,1
Telangana,Medchal Malkajgiri,RECOVERY_SIGNAL,9
Telangana,Medchal Malkajgiri,SUDDEN_DROP,14
Telangana,Mulugu,CRITICAL_GROUNDWATER,6
Telangana,Mulugu,DEPLETION_WARNING,5
Telangana,Mulugu,RECOVERY_SIGNAL,11
Telangana,Mulugu,SUDDEN_DROP,11
Telangana,Nagarkurnool,RECOVERY_SIGNAL,2
Telangana,Nagarkurnool,SUDDEN_DROP,2
Telangana,Nalgonda,RECOVERY_SIGNAL,3
Telangana,Nalgonda,SUDDEN_DROP,5
Telangana,Narayanpet,CRITICAL_GROUNDWATER,1
Telangana,Narayanpet,RECOVERY_SIGNAL,3
Telangana,Narayanpet,SUDDEN_DROP,4
Telangana,Nirmal,CRITICAL_GROUNDWATER,4
Telangana,Nirmal,DEPLETION_WARNING,7
Telangana,Nirmal,RECOVERY_SIGNAL,5
Telangana,Nirmal,SUDDEN_DROP,4
Telangana,Nizamabad,CRITICAL_GROUNDWATER,1
Telangana,Nizamabad,RECOVERY_SIGNAL,2
Telangana,Nizamabad,SUDDEN_DROP,5
Telangana,Peddapalli,CRITICAL_GROUNDWATER,1
Telangana,Peddapalli,DEPLETION_WARNING,1
Telangana,Peddapalli,RECOVERY_SIGNAL,6
Telangana,Peddapalli,SUDDEN_DROP,7
Telangana,Rajanna Sircilla,DEPLETION_WARNING,1
Telangana,Rajanna Sircilla,RECOVERY_SIGNAL,2
Telangana,Rajanna Sircilla,SUDDEN_DROP,2
Telangana,Ranga Reddy,CRITICAL_GROUNDWATER,5
Telangana,Ranga Reddy,DEPLETION_WARNING,1
Telangana,Ranga Reddy,RECOVERY_SIGNAL,15
Telangana,Ranga Reddy,SUDDEN_DROP,13
Telangana,Sangareddy,CRITICAL_GROUNDWATER,3
Telangana,Sangareddy,DEPLETION_WARNING,2
Telangana,Sangareddy,RECOVERY_SIGNAL,10
Telangana,Sangareddy,SUDDEN_DROP,15
Telangana,Siddipet,CRITICAL_GROUNDWATER,1
Telangana,Siddipet,DEPLETION_WARNING,2
Telangana,Siddipet,RECOVERY_SIGNAL,9
Telangana,Siddipet,SUDDEN_DROP,13
Telangana,Suryapet,CRITICAL_GROUNDWATER,5
Telangana,Suryapet,DEPLETION_WARNING,4
Telangana,Suryapet,RECOVERY_SIGNAL,8
Telangana,Suryapet,SUDDEN_DROP,9
Telangana,Vikarabad,CRITICAL_GROUNDWATER,10
Telangana,Vikarabad,DEPLETION_WARNING,3
Telangana,Vikarabad,RECOVERY_SIGNAL,13
Telangana,Vikarabad,SUDDEN_DROP,22
Telangana,Wanaparthy,CRITICAL_GROUNDWATER,2
Telangana,Wanaparthy,RECOVERY_SIGNAL,5
Telangana,Wanaparthy,SUDDEN_DROP,2
Telangana,Warangal,CRITICAL_GROUNDWATER,5
Telangana,Warangal,DEPLETION_WARNING,6
Telangana,Warangal,RECOVERY_SIGNAL,6
Telangana,Warangal,SUDDEN_DROP,6
Telangana,Yadadri Bhuvanagiri,CRITICAL_GROUNDWATER,11
Telangana,Yadadri Bhuvanagiri,DEPLETION_WARNING,5
Telangana,Yadadri Bhuvanagiri,RECOVERY_SIGNAL,10
Telangana,Yadadri Bhuvanagiri,SUDDEN_DROP,11
TelanganaYadadri Bhuvanagiri,Thurkapally,CRITICAL_GROUNDWATER,2
TelanganaYadadri Bhuvanagiri,Thurkapally,DEPLETION_WARNING,1
TelanganaYadadri Bhuvanagiri,Thurkapally,RECOVERY_SIGNAL,2
TelanganaYadadri Bhuvanagiri,Thurkapally,SUDDEN_DROP,3
TelanganaYadadri Bhuvanagiri,Yadagirigutta,CRITICAL_GROUNDWATER,4
TelanganaYadadri Bhuvanagiri,Yadagirigutta,RECOVERY_SIGNAL,2
TelanganaYadadri Bhuvanagiri,Yadagirigutta,SUDDEN_DROP,3
Tiruchirappalli,Turaiyur,CRITICAL_GROUNDWATER,1
Tiruchirappalli,Turaiyur,RECOVERY_SIGNAL,1
Tiruchirappalli,Turaiyur,SUDDEN_DROP,2
Tiruchirappalli,Uppiliapuram,SUDDEN_DROP,2
Tiruchirappalli,Vaiyampatti,RECOVERY_SIGNAL,1
Tirunelveli,Cheranmahadevi,SUDDEN_DROP,1
Tirunelveli,Valliyoor,DEPLETION_WARNING,1
Tirunelveli,Valliyoor,RECOVERY_SIGNAL,1
Tirunelveli,Valliyoor,SUDDEN_DROP,1
Tirupathur,Alangayan,CRITICAL_GROUNDWATER,1
Tirupathur,Alangayan,SUDDEN_DROP,1
Tripura,Dhalai,CRITICAL_GROUNDWATER,2
Tripura,Dhalai,DEPLETION_WARNING,3
Tripura,Dhalai,RECOVERY_SIGNAL,1
Tripura,Dhalai,SUDDEN_DROP,3
Tripura,Gomati,CRITICAL_GROUNDWATER,10
Tripura,Gomati,DEPLETION_WARNING,3
Tripura,Gomati,SUDDEN_DROP,2
Tripura,Khowai,CRITICAL_GROUNDWATER,5
Tripura,Khowai,DEPLETION_WARNING,2
Tripura,Khowai,RECOVERY_SIGNAL,3
Tripura,North Tripura,CRITICAL_GROUNDWATER,3
Tripura,North Tripura,DEPLETION_WARNING,5
Tripura,North Tripura,RECOVERY_SIGNAL,1
Tripura,Sepahijala,CRITICAL_GROUNDWATER,7
Tripura,Sepahijala,DEPLETION_WARNING,4
Tripura,Sepahijala,RECOVERY_SIGNAL,1
Tripura,Sepahijala,SUDDEN_DROP,1
Tripura,South Tripura,CRITICAL_GROUNDWATER,17
Tripura,South Tripura,DEPLETION_WARNING,7
Tripura,South Tripura,RECOVERY_SIGNAL,4
Tripura,South Tripura,SUDDEN_DROP,4
Tripura,Unakoti,CRITICAL_GROUNDWATER,12
Tripura,Unakoti,DEPLETION_WARNING,4
Tripura,Unakoti,RECOVERY_SIGNAL,6
Tripura,Unakoti,SUDDEN_DROP,6
Tripura,West Tripura,CRITICAL_GROUNDWATER,5
Tripura,West Tripura,DEPLETION_WARNING,3
Tripura,West Tripura,RECOVERY_SIGNAL,1
Uttar Pradesh,Agra,CRITICAL_GROUNDWATER,3
Uttar Pradesh,Agra,DEPLETION_WARNING,4
Uttar Pradesh,Agra,RECOVERY_SIGNAL,2
Uttar Pradesh,Agra,SUDDEN_DROP,2
Uttar Pradesh,Aligarh,CRITICAL_GROUNDWATER,4
Uttar Pradesh,Aligarh,DEPLETION_WARNING,4
Uttar Pradesh,Aligarh,RECOVERY_SIGNAL,2
Uttar Pradesh,Aligarh,SUDDEN_DROP,1
Uttar Pradesh,Ambedkar Nagar,CRITICAL_GROUNDWATER,5
Uttar Pradesh,Ambedkar Nagar,DEPLETION_WARNING,1
Uttar Pradesh,Amethi,CRITICAL_GROUNDWATER,3
Uttar Pradesh,Amethi,DEPLETION_WARNING,7
Uttar Pradesh,Amethi,RECOVERY_SIGNAL,5
Uttar Pradesh,Amethi,SUDDEN_DROP,5
Uttar Pradesh,Amroha,CRITICAL_GROUNDWATER,6
Uttar Pradesh,Amroha,DEPLETION_WARNING,3
Uttar Pradesh,Amroha,RECOVERY_SIGNAL,3
Uttar Pradesh,Amroha,SUDDEN_DROP,2
Uttar Pradesh,Auraiya,CRITICAL_GROUNDWATER,5
Uttar Pradesh,Auraiya,DEPLETION_WARNING,3
Uttar Pradesh,Auraiya,RECOVERY_SIGNAL,4
Uttar Pradesh,Auraiya,SUDDEN_DROP,1
Uttar Pradesh,Ayodhya,CRITICAL_GROUNDWATER,9
Uttar Pradesh,Ayodhya,DEPLETION_WARNING,4
Uttar Pradesh,Ayodhya,RECOVERY_SIGNAL,1
Uttar Pradesh,Ayodhya,SUDDEN_DROP,4
Uttar Pradesh,Azamgarh,CRITICAL_GROUNDWATER,8
Uttar Pradesh,Azamgarh,DEPLETION_WARNING,3
Uttar Pradesh,Azamgarh,RECOVERY_SIGNAL,2
Uttar Pradesh,Azamgarh,SUDDEN_DROP,4
Uttar Pradesh,Bahraich,CRITICAL_GROUNDWATER,4
Uttar Pradesh,Bahraich,DEPLETION_WARNING,2
Uttar Pradesh,Ballia,CRITICAL_GROUNDWATER,5
Uttar Pradesh,Ballia,DEPLETION_WARNING,5
Uttar Pradesh,Ballia,RECOVERY_SIGNAL,4
Uttar Pradesh,Ballia,SUDDEN_DROP,6
Uttar Pradesh,Balrampur,CRITICAL_GROUNDWATER,7
Uttar Pradesh,Balrampur,DEPLETION_WARNING,7
Uttar Pradesh,Balrampur,RECOVERY_SIGNAL,2
Uttar Pradesh,Balrampur,SUDDEN_DROP,2
Uttar Pradesh,Banda,CRITICAL_GROUNDWATER,5
Uttar Pradesh,Banda,DEPLETION_WARNING,3
Uttar Pradesh,Banda,RECOVERY_SIGNAL,3
Uttar Pradesh,Banda,SUDDEN_DROP,5
Uttar Pradesh,Bara Banki,CRITICAL_GROUNDWATER,5
Uttar Pradesh,Bara Banki,DEPLETION_WARNING,5
Uttar Pradesh,Bara Banki,RECOVERY_SIGNAL,1
Uttar Pradesh,Bareilly,CRITICAL_GROUNDWATER,4
Uttar Pradesh,Bareilly,DEPLETION_WARNING,1
Uttar Pradesh,Basti,CRITICAL_GROUNDWATER,3
Uttar Pradesh,Basti,DEPLETION_WARNING,2
Uttar Pradesh,Basti,SUDDEN_DROP,1
Uttar Pradesh,Bhadohi,CRITICAL_GROUNDWATER,4
Uttar Pradesh,Bhadohi,RECOVERY_SIGNAL,1
Uttar Pradesh,Bhadohi,SUDDEN_DROP,6
Uttar Pradesh,Bijnor,CRITICAL_GROUNDWATER,4
Uttar Pradesh,Bijnor,SUDDEN_DROP,1
Uttar Pradesh,Budaun,RECOVERY_SIGNAL,3
Uttar Pradesh,Bulandshahr,CRITICAL_GROUNDWATER,3
Uttar Pradesh,Chandauli,CRITICAL_GROUNDWATER,10
Uttar Pradesh,Chandauli,DEPLETION_WARNING,1
Uttar Pradesh,Chandauli,RECOVERY_SIGNAL,3
Uttar Pradesh,Chandauli,SUDDEN_DROP,7
Uttar Pradesh,Chitrakoot,CRITICAL_GROUNDWATER,5
Uttar Pradesh,Chitrakoot,DEPLETION_WARNING,2
Uttar Pradesh,Chitrakoot,RECOVERY_SIGNAL,5
Uttar Pradesh,Chitrakoot,SUDDEN_DROP,11
Uttar Pradesh,Deoria,CRITICAL_GROUNDWATER,1
Uttar Pradesh,Deoria,DEPLETION_WARNING,1
Uttar Pradesh,Etah,CRITICAL_GROUNDWATER,3
Uttar Pradesh,Etah,DEPLETION_WARNING,4
Uttar Pradesh,Etah,RECOVERY_SIGNAL,2
Uttar Pradesh,Etah,SUDDEN_DROP,1
Uttar Pradesh,Etawah,CRITICAL_GROUNDWATER,1
Uttar Pradesh,Etawah,DEPLETION_WARNING,3
Uttar Pradesh,Etawah,RECOVERY_SIGNAL,1
Uttar Pradesh,Etawah,SUDDEN_DROP,2
Uttar Pradesh,Farrukhabad,CRITICAL_GROUNDWATER,2
Uttar Pradesh,Farrukhabad,DEPLETION_WARNING,1
Uttar Pradesh,Farrukhabad,RECOVERY_SIGNAL,2
Uttar Pradesh,Fatehpur,CRITICAL_GROUNDWATER,9
Uttar Pradesh,Fatehpur,DEPLETION_WARNING,4
Uttar Pradesh,Fatehpur,RECOVERY_SIGNAL,3
Uttar Pradesh,Fatehpur,SUDDEN_DROP,2
Uttar Pradesh,Firozabad,CRITICAL_GROUNDWATER,6
Uttar Pradesh,Firozabad,DEPLETION_WARNING,3
Uttar Pradesh,Firozabad,RECOVERY_SIGNAL,4
Uttar Pradesh,Gautam Buddha Nagar,CRITICAL_GROUNDWATER,2
Uttar Pradesh,Gautam Buddha Nagar,RECOVERY_SIGNAL,7
Uttar Pradesh,Gautam Buddha Nagar,SUDDEN_DROP,4
Uttar Pradesh,Ghaziabad,CRITICAL_GROUNDWATER,2
Uttar Pradesh,Ghaziabad,RECOVERY_SIGNAL,1
Uttar Pradesh,Ghazipur,CRITICAL_GROUNDWATER,3
Uttar Pradesh,Ghazipur,DEPLETION_WARNING,1
Uttar Pradesh,Ghazipur,RECOVERY_SIGNAL,6
Uttar Pradesh,Ghazipur,SUDDEN_DROP,2
Uttar Pradesh,Gonda,CRITICAL_GROUNDWATER,4
Uttar Pradesh,Gonda,DEPLETION_WARNING,1
Uttar Pradesh,Hamirpur,CRITICAL_GROUNDWATER,3
Uttar Pradesh,Hamirpur,DEPLETION_WARNING,1
Uttar Pradesh,Hamirpur,RECOVERY_SIGNAL,4
Uttar Pradesh,Hamirpur,SUDDEN_DROP,6
Uttar Pradesh,Hapur,CRITICAL_GROUNDWATER,1
Uttar Pradesh,Hapur,DEPLETION_WARNING,2
Uttar Pradesh,Hapur,RECOVERY_SIGNAL,2
Uttar Pradesh,Hardoi,CRITICAL_GROUNDWATER,7
Uttar Pradesh,Hardoi,DEPLETION_WARNING,2
Uttar Pradesh,Hardoi,SUDDEN_DROP,1
Uttar Pradesh,Hathras,CRITICAL_GROUNDWATER,1
Uttar Pradesh,Hathras,DEPLETION_WARNING,2
Uttar Pradesh,Jalaun,CRITICAL_GROUNDWATER,8
Uttar Pradesh,Jalaun,DEPLETION_WARNING,10
Uttar Pradesh,Jalaun,RECOVERY_SIGNAL,6
Uttar Pradesh,Jalaun,SUDDEN_DROP,11
Uttar Pradesh,Jaunpur,CRITICAL_GROUNDWATER,3
Uttar Pradesh,Jaunpur,DEPLETION_WARNING,2
Uttar Pradesh,Jaunpur,RECOVERY_SIGNAL,3
Uttar Pradesh,Jaunpur,SUDDEN_DROP,6
Uttar Pradesh,Jhansi,CRITICAL_GROUNDWATER,10
Uttar Pradesh,Jhansi,DEPLETION_WARNING,8
Uttar Pradesh,Jhansi,RECOVERY_SIGNAL,3
Uttar Pradesh,Jhansi,SUDDEN_DROP,6
Uttar Pradesh,Kannauj,CRITICAL_GROUNDWATER,1
Uttar Pradesh,Kannauj,RECOVERY_SIGNAL,4
Uttar Pradesh,Kanpur Dehat,CRITICAL_GROUNDWATER,5
Uttar Pradesh,Kanpur Dehat,DEPLETION_WARNING,3
Uttar Pradesh,Kanpur Dehat,RECOVERY_SIGNAL,1
Uttar Pradesh,Kanpur Dehat,SUDDEN_DROP,2
Uttar Pradesh,Kanpur Nagar,CRITICAL_GROUNDWATER,4
Uttar Pradesh,Kanpur Nagar,DEPLETION_WARNING,3
Uttar Pradesh,Kanpur Nagar,RECOVERY_SIGNAL,3
Uttar Pradesh,Kanpur Nagar,SUDDEN_DROP,4
Uttar Pradesh,Kasganj,CRITICAL_GROUNDWATER,1
Uttar Pradesh,Kasganj,DEPLETION_WARNING,1
Uttar Pradesh,Kasganj,RECOVERY_SIGNAL,1
Uttar Pradesh,Kaushambi,CRITICAL_GROUNDWATER,3
Uttar Pradesh,Kaushambi,DEPLETION_WARNING,2
Uttar Pradesh,Kaushambi,RECOVERY_SIGNAL,2
Uttar Pradesh,Kaushambi,SUDDEN_DROP,2
Uttar Pradesh,Kheri,DEPLETION_WARNING,1
Uttar Pradesh,Kushinagar,CRITICAL_GROUNDWATER,1
Uttar Pradesh,Kushinagar,RECOVERY_SIGNAL,1
Uttar Pradesh,Lalitpur,CRITICAL_GROUNDWATER,10
Uttar Pradesh,Lalitpur,DEPLETION_WARNING,7
Uttar Pradesh,Lalitpur,RECOVERY_SIGNAL,7
Uttar Pradesh,Lalitpur,SUDDEN_DROP,7
Uttar Pradesh,Lucknow,CRITICAL_GROUNDWATER,11
Uttar Pradesh,Lucknow,DEPLETION_WARNING,11
Uttar Pradesh,Lucknow,RECOVERY_SIGNAL,12
Uttar Pradesh,Lucknow,SUDDEN_DROP,4
Uttar Pradesh,Mahoba,CRITICAL_GROUNDWATER,3
Uttar Pradesh,Mahoba,RECOVERY_SIGNAL,3
Uttar Pradesh,Mahoba,SUDDEN_DROP,5
Uttar Pradesh,Mahrajganj,CRITICAL_GROUNDWATER,4
Uttar Pradesh,Mahrajganj,DEPLETION_WARNING,1
Uttar Pradesh,Mahrajganj,RECOVERY_SIGNAL,2
Uttar Pradesh,Mahrajganj,SUDDEN_DROP,2
Uttar Pradesh,Mainpuri,CRITICAL_GROUNDWATER,2
Uttar Pradesh,Mainpuri,DEPLETION_WARNING,1
Uttar Pradesh,Mainpuri,RECOVERY_SIGNAL,1
Uttar Pradesh,Mathura,CRITICAL_GROUNDWATER,8
Uttar Pradesh,Mathura,DEPLETION_WARNING,2
Uttar Pradesh,Mathura,SUDDEN_DROP,3
Uttar Pradesh,Mau,CRITICAL_GROUNDWATER,5
Uttar Pradesh,Mau,DEPLETION_WARNING,1
Uttar Pradesh,Mau,RECOVERY_SIGNAL,1
Uttar Pradesh,Mau,SUDDEN_DROP,3
Uttar Pradesh,Meerut,CRITICAL_GROUNDWATER,4
Uttar Pradesh,Meerut,RECOVERY_SIGNAL,1
Uttar Pradesh,Meerut,SUDDEN_DROP,1
Uttar Pradesh,Mirzapur,DEPLETION_WARNING,1
Uttar Pradesh,Mirzapur,RECOVERY_SIGNAL,1
Uttar Pradesh,Mirzapur,SUDDEN_DROP,3
Uttar Pradesh,Moradabad,CRITICAL_GROUNDWATER,8
Uttar Pradesh,Moradabad,DEPLETION_WARNING,3
Uttar Pradesh,Moradabad,RECOVERY_SIGNAL,1
Uttar Pradesh,Moradabad,SUDDEN_DROP,1
Uttar Pradesh,Muzaffarnagar,CRITICAL_GROUNDWATER,5
Uttar Pradesh,Muzaffarnagar,DEPLETION_WARNING,5
Uttar Pradesh,Muzaffarnagar,SUDDEN_DROP,1
Uttar Pradesh,Pilibhit,CRITICAL_GROUNDWATER,7
Uttar Pradesh,Pilibhit,DEPLETION_WARNING,1
Uttar Pradesh,Prayagraj,CRITICAL_GROUNDWATER,6
Uttar Pradesh,Prayagraj,DEPLETION_WARNING,2
Uttar Pradesh,Prayagraj,RECOVERY_SIGNAL,5
Uttar Pradesh,Prayagraj,SUDDEN_DROP,6
Uttar Pradesh,Rae Bareli,CRITICAL_GROUNDWATER,9
Uttar Pradesh,Rae Bareli,DEPLETION_WARNING,7
Uttar Pradesh,Rae Bareli,RECOVERY_SIGNAL,1
Uttar Pradesh,Rae Bareli,SUDDEN_DROP,3
Uttar Pradesh,Rampur,CRITICAL_GROUNDWATER,3
Uttar Pradesh,Rampur,DEPLETION_WARNING,2
Uttar Pradesh,Rampur,RECOVERY_SIGNAL,1
Uttar Pradesh,Saharanpur,CRITICAL_GROUNDWATER,4
Uttar Pradesh,Saharanpur,DEPLETION_WARNING,3
Uttar Pradesh,Saharanpur,RECOVERY_SIGNAL,1
Uttar Pradesh,Saharanpur,SUDDEN_DROP,2
Uttar Pradesh,Sambhal,CRITICAL_GROUNDWATER,1
Uttar Pradesh,Sambhal,RECOVERY_SIGNAL,2
Uttar Pradesh,Sant Kabir Nagar,CRITICAL_GROUNDWATER,3
Uttar Pradesh,Sant Kabir Nagar,DEPLETION_WARNING,2
Uttar Pradesh,Sant Kabir Nagar,RECOVERY_SIGNAL,1
Uttar Pradesh,Sant Kabir Nagar,SUDDEN_DROP,1
Uttar Pradesh,Shahjahanpur,CRITICAL_GROUNDWATER,3
Uttar Pradesh,Shahjahanpur,DEPLETION_WARNING,1
Uttar Pradesh,Shamli,CRITICAL_GROUNDWATER,3
Uttar Pradesh,Shamli,DEPLETION_WARNING,1
Uttar Pradesh,Shamli,SUDDEN_DROP,2
Uttar Pradesh,Shrawasti,CRITICAL_GROUNDWATER,14
Uttar Pradesh,Shrawasti,DEPLETION_WARNING,3
Uttar Pradesh,Siddharthnagar,CRITICAL_GROUNDWATER,5
Uttar Pradesh,Siddharthnagar,DEPLETION_WARNING,4
Uttar Pradesh,Siddharthnagar,RECOVERY_SIGNAL,2
Uttar Pradesh,Siddharthnagar,SUDDEN_DROP,1
Uttar Pradesh,Sitapur,CRITICAL_GROUNDWATER,2
Uttar Pradesh,Sonbhadra,CRITICAL_GROUNDWATER,4
Uttar Pradesh,Sonbhadra,DEPLETION_WARNING,3
Uttar Pradesh,Sonbhadra,RECOVERY_SIGNAL,10
Uttar Pradesh,Sonbhadra,SUDDEN_DROP,14
Uttar Pradesh,Sultanpur,CRITICAL_GROUNDWATER,9
Uttar Pradesh,Sultanpur,DEPLETION_WARNING,1
Uttar Pradesh,Sultanpur,RECOVERY_SIGNAL,1
Uttar Pradesh,Sultanpur,SUDDEN_DROP,2
Uttar Pradesh,Unnao,DEPLETION_WARNING,1
Uttar Pradesh,Varanasi,CRITICAL_GROUNDWATER,2
Uttar Pradesh,Varanasi,RECOVERY_SIGNAL,2
Uttar Pradesh,Varanasi,SUDDEN_DROP,4
Uttarakhand,Champawat,CRITICAL_GROUNDWATER,2
Uttarakhand,Champawat,DEPLETION_WARNING,3
Uttarakhand,Champawat,RECOVERY_SIGNAL,3
Uttarakhand,Champawat,SUDDEN_DROP,4
Uttarakhand,Dehradun,CRITICAL_GROUNDWATER,53
Uttarakhand,Dehradun,DEPLETION_WARNING,19
Uttarakhand,Dehradun,RECOVERY_SIGNAL,48
Uttarakhand,Dehradun,SUDDEN_DROP,54
Uttarakhand,Haridwar,CRITICAL_GROUNDWATER,47
Uttarakhand,Haridwar,DEPLETION_WARNING,27
Uttarakhand,Haridwar,RECOVERY_SIGNAL,18
Uttarakhand,Haridwar,SUDDEN_DROP,16
Uttarakhand,Nainital,CRITICAL_GROUNDWATER,9
Uttarakhand,Nainital,DEPLETION_WARNING,5
Uttarakhand,Nainital,RECOVERY_SIGNAL,7
Uttarakhand,Nainital,SUDDEN_DROP,12
Uttarakhand,Udam Singh Nagar,CRITICAL_GROUNDWATER,43
Uttarakhand,Udam Singh Nagar,DEPLETION_WARNING,26
Uttarakhand,Udam Singh Nagar,RECOVERY_SIGNAL,19
Uttarakhand,Udam Singh Nagar,SUDDEN_DROP,20
Uttarakhand,Uttar Kashi,CRITICAL_GROUNDWATER,8
Uttarakhand,Uttar Kashi,RECOVERY_SIGNAL,5
Uttarakhand,Uttar Kashi,SUDDEN_DROP,9
West Bengal,Alipurduar,CRITICAL_GROUNDWATER,3
West Bengal,Alipurduar,DEPLETION_WARNING,8
West Bengal,Alipurduar,RECOVERY_SIGNAL,1
West Bengal,Bankura,CRITICAL_GROUNDWATER,4
West Bengal,Bankura,DEPLETION_WARNING,8
West Bengal,Bankura,RECOVERY_SIGNAL,15
West Bengal,Bankura,SUDDEN_DROP,14
West Bengal,Birbhum,CRITICAL_GROUNDWATER,15
West Bengal,Birbhum,DEPLETION_WARNING,2
West Bengal,Birbhum,RECOVERY_SIGNAL,2
West Bengal,Birbhum,SUDDEN_DROP,6
West Bengal,Cooch Behar,CRITICAL_GROUNDWATER,2
West Bengal,Cooch Behar,DEPLETION_WARNING,3
West Bengal,Dakshin Dinajpur,CRITICAL_GROUNDWATER,1
West Bengal,Dakshin Dinajpur,DEPLETION_WARNING,2
West Bengal,Darjeeling,CRITICAL_GROUNDWATER,34
West Bengal,Darjeeling,DEPLETION_WARNING,14
West Bengal,Darjeeling,RECOVERY_SIGNAL,1
West Bengal,Darjeeling,SUDDEN_DROP,7
West Bengal,Hooghly,CRITICAL_GROUNDWATER,13
West Bengal,Hooghly,DEPLETION_WARNING,12
West Bengal,Hooghly,RECOVERY_SIGNAL,3
West Bengal,Hooghly,SUDDEN_DROP,5
West Bengal,Howrah,CRITICAL_GROUNDWATER,9
West Bengal,Howrah,DEPLETION_WARNING,5
West Bengal,Howrah,RECOVERY_SIGNAL,1
West Bengal,Howrah,SUDDEN_DROP,1
West Bengal,Jalpaiguri,CRITICAL_GROUNDWATER,48
West Bengal,Jalpaiguri,DEPLETION_WARNING,15
West Bengal,Jalpaiguri,RECOVERY_SIGNAL,2
West Bengal,Jalpaiguri,SUDDEN_DROP,7
West Bengal,Jhargram,CRITICAL_GROUNDWATER,10
West Bengal,Jhargram,DEPLETION_WARNING,10
West Bengal,Jhargram,RECOVERY_SIGNAL,9
West Bengal,Jhargram,SUDDEN_DROP,18
West Bengal,Kolkata,RECOVERY_SIGNAL,1
West Bengal,Kolkata,SUDDEN_DROP,2
West Bengal,Malda,CRITICAL_GROUNDWATER,11
West Bengal,Malda,DEPLETION_WARNING,9
West Bengal,Malda,RECOVERY_SIGNAL,5
West Bengal,Malda,SUDDEN_DROP,15
West Bengal,Murshidabad,CRITICAL_GROUNDWATER,2
West Bengal,Murshidabad,DEPLETION_WARNING,2
West Bengal,Nadia,CRITICAL_GROUNDWATER,4
West Bengal,Nadia,DEPLETION_WARNING,2
West Bengal,Nadia,RECOVERY_SIGNAL,1
West Bengal,North 24 Parganas,DEPLETION_WARNING,1
West Bengal,North 24 Parganas,RECOVERY_SIGNAL,3
West Bengal,North 24 Parganas,SUDDEN_DROP,6
West Bengal,Paschim Bardhaman,CRITICAL_GROUNDWATER,22
West Bengal,Paschim Bardhaman,DEPLETION_WARNING,12
West Bengal,Paschim Bardhaman,RECOVERY_SIGNAL,15
West Bengal,Paschim Bardhaman,SUDDEN_DROP,24
West Bengal,Paschim Medinipur,CRITICAL_GROUNDWATER,5
West Bengal,Paschim Medinipur,DEPLETION_WARNING,2
West Bengal,Paschim Medinipur,RECOVERY_SIGNAL,1
West Bengal,Paschim Medinipur,SUDDEN_DROP,5
West Bengal,Purba Bardhaman,CRITICAL_GROUNDWATER,2
West Bengal,Purba Bardhaman,DEPLETION_WARNING,1
West Bengal,Purba Bardhaman,RECOVERY_SIGNAL,4
West Bengal,Purba Bardhaman,SUDDEN_DROP,5
West Bengal,Purba Medinipur,CRITICAL_GROUNDWATER,1
West Bengal,Purba Medinipur,RECOVERY_SIGNAL,2
West Bengal,Purba Medinipur,SUDDEN_DROP,2
West Bengal,Purulia,CRITICAL_GROUNDWATER,14
West Bengal,Purulia,DEPLETION_WARNING,7
West Bengal,Purulia,RECOVERY_SIGNAL,10
West Bengal,Purulia,SUDDEN_DROP,17
West Bengal,South 24 Parganas,CRITICAL_GROUNDWATER,2
West Bengal,South 24 Parganas,DEPLETION_WARNING,3
West Bengal,South 24 Parganas,RECOVERY_SIGNAL,4
West Bengal,South 24 Parganas,SUDDEN_DROP,1
West Bengal,Uttar Dinajpur,CRITICAL_GROUNDWATER,8
West Bengal,Uttar Dinajpur,DEPLETION_WARNING,4
