STATE_UT,DISTRICT,total_stations,total_records,critical_alerts,depletion_alerts,avg_gavi,stressed_ratio
Andhra Pradesh,Alluri Sitharama Raju,11,109,14,8,52.14799067141207,100.0
Andhra Pradesh,Anakapalli,7,69,4,8,48.79935758368252,100.0
Andhra Pradesh,Ananthapuramu,4,40,7,2,52.74105765439151,100.0
Andhra Pradesh,Annamayya,5,46,3,4,58.021964166930246,100.0
Andhra Pradesh,Bapatla,7,69,9,2,56.90539937527889,100.0
Andhra Pradesh,Chittoor,3,21,1,0,60.472906762457534,100.0
Andhra Pradesh,Dr. B.R. Ambedkar KonaseemaAinavilli,4,28,2,3,62.93505127091753,100.0
Andhra Pradesh,Dr. B.R. Ambedkar KonaseemaAmalapuram,3,21,1,2,48.94179894179894,100.0
Andhra Pradesh,Dr. B.R. Ambedkar KonaseemaAmbajipeta,2,14,4,1,49.04761904761905,100.0
Andhra Pradesh,Dr. B.R. Ambedkar KonaseemaAtreyapuram,1,6,0,0,54.54545454545454,100.0
Andhra Pradesh,Dr. B.R. Ambedkar KonaseemaI. Polavaram,3,21,7,0,46.89067546210403,100.0
Andhra Pradesh,Dr. B.R. Ambedkar KonaseemaKothapeta,2,18,1,0,63.80899293942772,100.0
Andhra Pradesh,Dr. B.R. Ambedkar KonaseemaMalikipuram,2,14,0,0,58.92857142857143,100.0
Andhra Pradesh,Dr. B.R. Ambedkar KonaseemaMamidikuduru,1,7,1,0,45.45454545454546,100.0
Andhra Pradesh,Dr. B.R. Ambedkar KonaseemaMandapeta,1,8,0,1,54.99999999999999,100.0
Andhra Pradesh,Dr. B.R. Ambedkar KonaseemaMummidivaram,2,17,2,0,49.405822935234696,100.0
Andhra Pradesh,Dr. B.R. Ambedkar KonaseemaPamarru,1,10,0,0,66.78571428571429,100.0
Andhra Pradesh,Dr. B.R. Ambedkar KonaseemaRavulapalem,5,50,5,0,58.34096943125076,100.0
Andhra Pradesh,Dr. B.R. Ambedkar KonaseemaRazole,1,10,1,0,49.00000000000001,100.0
Andhra Pradesh,Dr. B.R. Ambedkar KonaseemaSakhinetipalle,1,10,1,1,52.0,100.0
Andhra Pradesh,East Godavari,10,86,5,6,52.9137387325694,100.0
Andhra Pradesh,East GodavariAnaparthy,1,4,0,0,33.33333333333334,100.0
Andhra Pradesh,East GodavariGokavaram,2,8,2,0,47.570332480818415,100.0
Andhra Pradesh,Eluru,4,38,2,3,56.11504723346829,100.0
Andhra Pradesh,Guntur,8,80,7,4,54.881512088147204,100.0
Andhra Pradesh,Kakinada,10,97,8,9,53.142954220505246,100.0
Andhra Pradesh,Krishna,4,29,4,1,56.608169628638,100.0
Andhra Pradesh,Kurnool,10,78,6,7,55.14349584471536,100.0
Andhra Pradesh,Nandyal,5,38,2,3,57.57248355932566,100.0
Andhra Pradesh,Ntr,7,66,6,6,51.44981561648228,100.0
Andhra Pradesh,Palnadu,10,99,9,4,61.35436434516941,100.0
Andhra Pradesh,Parvathipuram Manyam,7,67,7,2,54.11668158120324,100.0
Andhra Pradesh,Prakasam,5,53,11,2,50.47867601572899,100.0
Andhra Pradesh,Sri Potti Sriramulu Nellore,10,98,9,3,56.762740764834085,100.0
Andhra Pradesh,Sri Potti Sriramulu Nellore Manubolu,2,20,1,1,59.21626984126984,100.0
Andhra Pradesh,Sri Potti Sriramulu Nellore Marripadu,1,10,0,0,60.47619047619047,100.0
Andhra Pradesh,Sri Potti Sriramulu Nellore Muthukur,2,20,6,1,38.97727272727273,100.0
Andhra Pradesh,Sri Sathya Sai,2,19,2,2,51.11455108359133,100.0
Andhra Pradesh,Srikakulam,10,92,9,2,58.31257205024486,100.0
Andhra Pradesh,Tirupati,7,68,5,3,60.90772238840429,100.0
Andhra Pradesh,Visakhapatnam,15,144,9,7,54.321901692476686,100.0
Andhra Pradesh,Vizianagaram,8,90,1,2,58.10008670781029,100.0
Andhra Pradesh,West Godavari,5,50,5,0,57.90019157088123,100.0
Andhra Pradesh,Y.S.R.,6,58,4,6,56.708776043224766,100.0
Arunachal Pradesh,Changlang,4,36,8,5,48.9078027235922,100.0
Arunachal Pradesh,East Siang,3,27,3,1,59.663546330212995,100.0
Arunachal Pradesh,Kamle,1,8,0,0,72.91666666666667,100.0
Arunachal Pradesh,Lower Subansiri,1,8,3,2,38.54166666666666,100.0
Arunachal Pradesh,Namsai,1,9,0,0,62.84722222222222,100.0
Arunachal Pradesh,Papum Pare,9,71,11,1,51.580575238872854,100.0
Arunachal Pradesh,Tirap,3,27,3,3,53.27176281140475,100.0
Assam,Bajali,1,9,4,3,29.999999999999986,100.0
Assam,Barpeta,3,27,4,1,51.67178775564145,100.0
Assam,Biswanath,10,78,22,3,45.056012063054304,100.0
Assam,Bongaigaon,9,73,9,5,50.20136908437939,100.0
Assam,Cachar,10,78,4,4,62.90096536208288,100.0
Assam,Charaideo,1,8,0,1,49.30555555555554,100.0
Assam,Chirang,1,7,0,0,65.36796536796535,100.0
Assam,Darrang,6,44,0,0,55.093713105076745,100.0
Assam,Dhemaji,13,102,8,8,50.09111547173831,100.0
Assam,Dhubri,6,52,9,5,48.12000681165766,100.0
Assam,Dibrugarh,4,36,3,1,59.82744107744106,100.0
Assam,Goalpara,12,99,20,4,49.01813001813002,100.0
Assam,Golaghat,6,47,12,3,49.02473919191245,100.0
Assam,Hailakandi,5,38,7,1,46.5918584339637,100.0
Assam,Hojai,3,26,2,3,50.66308243727599,100.0
Assam,Jorhat,11,88,7,5,52.75650765460548,100.0
Assam,Kamrup,8,66,8,4,51.59356286250226,100.0
Assam,Kamrup Metro,8,62,10,3,52.873677372687354,100.0
Assam,Karbi Anglong,29,227,21,12,53.4561249609904,100.0
Assam,Karimganj,7,59,10,5,47.480309818187486,100.0
Assam,Lakhimpur,15,120,24,2,46.79970555473651,100.0
Assam,Marigaon,12,94,12,5,51.94306332597581,100.0
Assam,Nagaon,12,97,17,9,51.70116315047962,100.0
Assam,Nalbari,1,8,0,0,67.74193548387098,100.0
Assam,Sivasagar,3,25,5,0,51.55555555555556,100.0
Assam,Sonitpur,9,76,3,4,58.984267298793945,100.0
Assam,Tamulpur,2,14,1,2,51.97802197802197,100.0
Assam,Tinsukia,11,89,10,8,52.34002621200416,100.0
Assam,Udalguri,10,78,3,3,52.235185616890135,100.0
Assam,West Karbi Anglong,5,37,2,4,53.76694735827863,100.0
Bihar,Madhepura,1,2,0,0,50.0,100.0
Bihar,Supaul,1,2,0,0,50.0,100.0
Chandigarh,Chandigarh,8,75,16,3,45.338563938850875,100.0
Chhattisgarh,Balod,27,84,5,3,54.09620867882768,100.0
Chhattisgarh,Balodabazar-Bhatapara,30,100,3,3,55.24679645684235,100.0
Chhattisgarh,Balrampur Ramanujganj,13,39,2,3,51.59038492371826,100.0
Chhattisgarh,Bastar,10,27,2,1,51.22686599332177,100.0
Chhattisgarh,Bemetara,24,56,1,1,52.00712481962482,100.0
Chhattisgarh,Bilaspur,42,120,7,2,52.186333118427115,100.0
Chhattisgarh,Dhamtari,34,93,5,2,51.66927753019999,100.0
Chhattisgarh,Durg,23,56,0,2,50.94006189274047,100.0
Chhattisgarh,Gariyaband,5,13,0,0,51.85311955803759,100.0
Chhattisgarh,Gaurela Pendra Marwahi,14,38,1,0,54.62542672610441,100.0
Chhattisgarh,Janjgir-Champa,29,79,9,2,48.60986179770651,100.0
Chhattisgarh,Jashpur,36,113,10,4,47.97883341322669,100.0
Chhattisgarh,Kabeerdham,7,10,1,0,53.17015000736361,100.0
Chhattisgarh,KabeerdhamKawardha,4,7,0,0,70.75743048897411,100.0
Chhattisgarh,KabeerdhamPandariya,3,5,0,0,40.0,100.0
Chhattisgarh,KabeerdhamS.Lohara,3,6,0,0,45.0,100.0
Chhattisgarh,Khairagarh Chhuikhadan GandaiChhuikhadan,3,7,0,0,57.142857142857146,100.0
Chhattisgarh,Khairagarh Chhuikhadan GandaiKhairagarh,3,9,2,1,42.50579995260846,100.0
Chhattisgarh,KondagaonKeshkal,2,5,0,0,55.55555555555556,100.0
Chhattisgarh,KondagaonKondagaon,3,9,0,1,56.399577988783385,100.0
Chhattisgarh,KondagaonPharasgaon,1,2,0,0,50.0,100.0
Chhattisgarh,Korba,48,120,8,2,49.29371238224953,100.0
Chhattisgarh,KorbaKartala,5,8,0,1,41.666666666666664,100.0
Chhattisgarh,Korea,21,60,7,1,47.662140591237154,100.0
Chhattisgarh,Mahasamund,17,34,0,0,51.680672268907564,100.0
Chhattisgarh,MahasamundSaraipali,1,1,0,0,0.0,100.0
Chhattisgarh,Manendragarh Chirmiri Bharatpur Mcb,5,15,1,0,53.589743589743584,100.0
Chhattisgarh,Manendragarh Chirmiri Bharatpur McbManendragarh,3,8,1,0,46.497252747252745,100.0
Chhattisgarh,Mohla Manpur Ambagarh ChoukiA.Chowki (Td),1,3,0,0,43.58974358974359,100.0
Chhattisgarh,Mungeli,4,7,0,0,47.883597883597886,100.0
Chhattisgarh,MungeliLormi,4,7,0,0,57.142857142857146,100.0
Chhattisgarh,MungeliMungeli,3,5,0,0,46.15384615384616,100.0
Chhattisgarh,Narayanpur,1,1,0,0,0.0,100.0
Chhattisgarh,Raigarh,28,61,1,1,52.06287714484436,100.0
Chhattisgarh,RaigarhDharamjaigarh,2,2,0,0,50.0,100.0
Chhattisgarh,Raipur,33,89,1,1,54.99122656251347,100.0
Chhattisgarh,Rajnandgaon,33,95,3,2,53.275065059137646,100.0
Chhattisgarh,Sakti,7,21,1,0,54.41696840026333,100.0
Chhattisgarh,Sarangarh Bilaigarh,8,18,0,0,47.887757887757886,100.0
Chhattisgarh,Surajpur,26,80,6,4,47.876974362053275,100.0
Chhattisgarh,Surguja,20,58,7,1,47.17032533250317,100.0
Chhattisgarh,Uttar Bastar Kanker,12,28,1,0,50.879120879120876,100.0
Delhi,Central,7,51,5,3,56.25133613022886,100.0
Delhi,East,4,33,8,2,45.24411878974034,100.0
Delhi,Nazul Land,2,14,1,0,54.22077922077923,100.0
Delhi,New Delhi,7,49,11,6,48.35554290789515,100.0
Delhi,North,13,76,9,4,53.27679331887513,100.0
Delhi,North West,7,50,12,6,43.908547506724226,100.0
Delhi,Shahdara,1,7,2,0,36.92022263450834,100.0
Delhi,South,3,21,6,2,40.65912729558382,100.0
Delhi,South East,2,12,2,1,44.3560606060606,100.0
Delhi,South West,10,76,21,9,45.06759743551224,100.0
Delhi,West,8,59,15,7,44.51657515581906,100.0
Goa,North Goa,41,401,48,33,52.43180554118028,100.0
Goa,South Goa,25,239,48,13,53.55814450582697,100.0
Haryana,Ambala,11,86,14,7,49.00054412868466,100.0
Haryana,Bhiwani,23,192,30,13,49.4352014253073,100.0
Haryana,Charki Dadri,1,6,1,1,40.74074074074075,100.0
Haryana,Faridabad,2,15,3,1,45.4281949934124,100.0
Haryana,Fatehabad,5,41,2,2,56.48843677270928,100.0
Haryana,Gurugram,2,16,3,1,42.66324454310026,100.0
Haryana,Hisar,12,107,21,10,48.42011839285186,100.0
Haryana,Jhajjar,12,96,12,10,51.4920537180926,100.0
Haryana,Jind,11,87,19,4,45.742344499006784,100.0
Haryana,Kaithal,8,62,3,3,56.559245696028114,100.0
Haryana,Karnal,11,71,8,0,53.24503989867169,100.0
Haryana,Kurukshetra,3,22,2,4,41.72421328671331,100.0
Haryana,Mahendragarh,1,9,0,0,60.68376068376069,100.0
Haryana,Nuh,6,45,9,4,49.540792639176125,100.0
Haryana,Palwal,8,59,3,1,58.98776534569055,100.0
Haryana,Panchkula,13,93,13,6,49.888621832394065,100.0
Haryana,Panipat,7,52,8,6,47.41005729068351,100.0
Haryana,Rewari,4,30,4,3,51.60627284392255,100.0
Haryana,Rohtak,7,62,12,9,44.93354885057471,100.0
Haryana,Sirsa,21,170,39,12,45.668268355235845,100.0
Haryana,Sonipat,16,121,21,4,50.161232864127506,100.0
Haryana,Yamunanagar,10,75,5,8,50.39005910877374,100.0
Jammu and Kashmir,Jammu,31,301,56,21,46.717352655032265,100.0
Jammu and Kashmir,Kathua,15,139,25,11,45.420386198418946,100.0
Jammu and Kashmir,Rajouri,13,117,15,3,52.08313300722889,100.0
Jammu and Kashmir,Reasi,7,67,3,6,57.83148506093881,100.0
Jammu and Kashmir,Samba,21,189,20,15,52.16228133769635,100.0
Jammu and Kashmir,Udhampur,7,64,9,4,52.540756894601344,100.0
Jharkhand,Bokaro,5,41,2,2,58.18027512759503,100.0
Jharkhand,Chatra,3,25,6,2,44.283752860411894,100.0
Jharkhand,Deoghar,2,17,1,2,54.23669467787115,100.0
Jharkhand,Dhanbad,10,78,2,9,58.75185353202461,100.0
Jharkhand,Dumka,12,97,8,12,50.58804839199654,100.0
Jharkhand,East Singhbum,5,42,6,4,49.21946739242745,100.0
Jharkhand,Giridih,9,74,3,4,56.15967206524482,100.0
Jharkhand,Godda,7,54,1,0,66.00702380931139,100.0
Jharkhand,Gumla,3,28,3,6,41.35764533085962,100.0
Jharkhand,Hazaribagh,7,57,14,5,44.152930177919124,100.0
Jharkhand,Jamtara,9,62,9,7,43.33614377576729,100.0
Jharkhand,Koderma,6,52,6,3,48.86616346962107,100.0
Jharkhand,Latehar,6,53,3,3,52.019003174504896,100.0
Jharkhand,Lohardaga,10,86,5,3,57.16476573698117,100.0
Jharkhand,Pakur,8,60,10,3,51.56678038206794,100.0
Jharkhand,Palamu,5,40,2,5,55.36953947833463,100.0
Jharkhand,Ramgarh,10,79,19,6,41.210174934742454,100.0
Jharkhand,Ranchi,1,7,1,1,50.649350649350644,100.0
Jharkhand,Sahebganj,7,58,7,4,50.99797884309077,100.0
Jharkhand,Saraikela Kharsawan,5,43,5,2,49.854011560767056,100.0
Jharkhand,Simdega,9,79,3,7,53.74804261546433,100.0
Jharkhand,West Singhbhum,5,42,5,2,51.67371637048187,100.0
Karnataka,Bagalkote,11,49,4,3,52.59958936187653,100.0
Karnataka,Ballari,14,44,2,0,55.2052447487969,100.0
Karnataka,Belagavi,34,168,13,7,55.434564712479244,100.0
Karnataka,Bengaluru Rural,9,44,1,1,56.38709234215296,100.0
Karnataka,Bengaluru Urban,18,84,9,3,50.0553159494522,100.0
Karnataka,Bidar,19,63,8,0,49.95020956312119,100.0
Karnataka,Chamarajanagara,17,72,3,1,57.539552607005675,100.0
Karnataka,Chikkaballapura,10,49,1,1,58.15583262898205,100.0
Karnataka,Chikkamagaluru,36,129,14,5,52.31461258609271,100.0
Karnataka,Chitradurga,25,95,5,2,51.59956703603612,100.0
Karnataka,Dakshina Kannada,75,365,35,28,49.24908021199945,100.0
Karnataka,Davangere,40,189,13,4,49.8715543038811,100.0
Karnataka,Dharwad,19,91,9,6,52.7418410953648,100.0
Karnataka,Gadag,14,64,4,3,48.28147893711057,100.0
Karnataka,Hassan,43,156,11,5,53.82544301018715,100.0
Karnataka,Haveri,17,96,3,2,55.54526669124123,100.0
Karnataka,Kalaburagi,33,163,11,5,49.80796213888444,100.0
Karnataka,Kodagu,67,323,36,11,52.18132689267319,100.0
Karnataka,Kolar,23,103,6,1,54.34550764993287,100.0
Karnataka,Koppal,19,73,4,4,55.31677379503522,100.0
Karnataka,Mandya,26,119,6,2,52.84169678560311,100.0
Karnataka,Mysuru,30,145,20,4,50.895680166434026,100.0
Karnataka,Raichur,27,128,7,0,55.03817893543645,100.0
Karnataka,Ramanagara,25,91,6,2,50.412704619887236,100.0
Karnataka,Shivamogga,39,167,14,4,51.173520242354165,100.0
Karnataka,Tumakuru,24,103,5,1,52.952854623432,100.0
Karnataka,Udupi,34,165,22,12,46.071425132027,100.0
Karnataka,Uttara Kannada,20,96,11,3,47.70344810854666,100.0
Karnataka,Vijayanagar,24,89,3,2,52.22106947441859,100.0
Karnataka,Vijayapura,25,122,5,3,53.91874181019835,100.0
Karnataka,Yadgir,20,91,4,1,55.220273361181384,100.0
Kerala,Alappuzha,35,316,66,20,54.94780994423344,100.0
Kerala,Ernakulam,44,359,54,16,52.953599088864465,100.0
Kerala,Idukki,42,409,93,26,51.62754331642212,100.0
Kerala,Kannur,38,377,57,37,50.96411976676191,100.0
Kerala,Kasaragod,101,997,194,51,52.6183143148702,100.0
Kerala,Kollam,48,455,79,38,49.7437260157611,100.0
Kerala,Kottayam,42,391,68,31,51.51190662662219,100.0
Kerala,Kozhikode,51,483,123,16,51.21826529515626,100.0
Kerala,Malappuram,38,382,74,34,50.92269777810862,100.0
Kerala,Palakkad,45,449,47,35,52.84890780866238,100.0
Kerala,Pathanamthitta,58,496,105,34,44.90263513822773,100.0
Kerala,Thiruvananthapuram,46,429,49,44,54.36025899424818,100.0
Kerala,Thrissur,30,283,71,12,52.509108800363656,100.0
Kerala,Wayanad,78,747,163,40,53.992099063676044,100.0
Madhya Pradesh,Agar-Malwa,14,43,7,3,47.317562827755374,100.0
Madhya Pradesh,Alirajpur,13,61,3,1,55.461547708536635,100.0
Madhya Pradesh,Anuppur,19,92,16,3,47.64811113999038,100.0
Madhya Pradesh,Ashoknagar,20,87,11,10,43.91071347531807,100.0
Madhya Pradesh,Balaghat,23,148,13,7,51.81742629837379,100.0
Madhya Pradesh,Barwani,7,48,2,2,62.830645959313586,100.0
Madhya Pradesh,Betul,18,77,8,7,48.70368084105498,100.0
Madhya Pradesh,Bhind,18,104,12,5,54.693412284174606,100.0
Madhya Pradesh,Bhopal,26,116,12,8,53.847817759908295,100.0
Madhya Pradesh,Burhanpur,17,97,13,4,50.8014340637915,100.0
Madhya Pradesh,Chhatarpur,24,148,27,5,48.62198705913138,100.0
Madhya Pradesh,Chhindwara,14,69,15,2,48.990198522192756,100.0
Madhya Pradesh,Damoh,17,77,10,7,48.78078747870293,100.0
Madhya Pradesh,Datia,12,65,9,3,50.45450292315208,100.0
Madhya Pradesh,Dewas,22,84,8,6,50.459243990095125,100.0
Madhya Pradesh,Dhar,15,66,10,4,47.41648655728006,100.0
Madhya Pradesh,Dindori,12,66,17,3,48.461460768152286,100.0
Madhya Pradesh,Guna,23,100,13,2,53.80697574337532,100.0
Madhya Pradesh,Gwalior,21,123,28,5,47.83930150382115,100.0
Madhya Pradesh,Harda,13,73,5,5,52.36866443845869,100.0
Madhya Pradesh,Indore,35,181,21,7,51.47294590433354,100.0
Madhya Pradesh,Jabalpur,32,190,32,10,50.24840670389549,100.0
Madhya Pradesh,Jhabua,11,39,4,0,55.863615459106185,100.0
Madhya Pradesh,Katni,17,59,3,2,51.08918788549159,100.0
Madhya Pradesh,Khandwa (East Nimar),19,107,13,6,52.18009194011559,100.0
Madhya Pradesh,Khargone (West Nimar),15,98,5,4,57.154715370003004,100.0
Madhya Pradesh,Maihar,19,65,2,0,54.052951954291416,100.0
Madhya Pradesh,Mandla,17,80,8,3,54.86713440094492,100.0
Madhya Pradesh,Mandsaur,34,103,4,1,54.44395430354754,100.0
Madhya Pradesh,Mauganj,9,62,11,4,44.72973469460483,100.0
Madhya Pradesh,Morena,8,44,15,0,40.463047361477365,100.0
Madhya Pradesh,Narmadapuram,15,52,5,2,51.28313629679549,100.0
Madhya Pradesh,Narsimhapur,17,41,0,0,52.85826172108999,100.0
Madhya Pradesh,Neemuch,33,92,3,0,51.533960764775095,100.0
Madhya Pradesh,Niwari,8,53,5,1,56.49144606333524,100.0
Madhya Pradesh,Pandhurna,12,72,4,3,56.82359695960134,100.0
Madhya Pradesh,Panna,24,81,6,4,50.60001925051987,100.0
Madhya Pradesh,Raisen,24,112,14,3,50.71448155432857,100.0
Madhya Pradesh,Rajgarh,23,89,11,6,49.57658487025058,100.0
Madhya Pradesh,Ratlam,34,97,2,0,54.19133419911504,100.0
Madhya Pradesh,Rewa,19,129,15,4,52.56449706050231,100.0
Madhya Pradesh,Sagar,14,43,4,1,49.48892694212814,100.0
Madhya Pradesh,Satna,23,86,5,1,54.848119827522055,100.0
Madhya Pradesh,Sehore,23,83,12,2,47.95057060617523,100.0
Madhya Pradesh,Seoni,18,70,6,1,51.287823827086825,100.0
Madhya Pradesh,Shahdol,25,106,16,3,48.41011700202065,100.0
Madhya Pradesh,Shajapur,15,73,13,2,48.1548929366182,100.0
Madhya Pradesh,Sheopur,18,86,18,5,44.22326836792685,100.0
Madhya Pradesh,Shivpuri,18,70,9,5,51.28262197539072,100.0
Madhya Pradesh,Sidhi,31,195,15,10,54.38636421586318,100.0
Madhya Pradesh,Singrauli,20,113,9,3,54.14230572154458,100.0
Madhya Pradesh,Tikamgarh,16,109,14,5,50.78707904036644,100.0
Madhya Pradesh,Ujjain,31,150,11,6,53.55520939693003,100.0
Madhya Pradesh,Umaria,14,63,6,1,49.73160525651617,100.0
Madhya Pradesh,Vidisha,20,73,8,2,51.755101233683625,100.0
Maharashtra,Amravati,24,66,5,4,49.93325672745474,100.0
Maharashtra,Beed,26,60,3,1,49.75759690766703,100.0
Maharashtra,Bhandara,1,2,0,0,50.0,100.0
Maharashtra,Buldhana,11,22,0,0,50.0,100.0
Maharashtra,Chandrapur,27,54,0,0,50.0,100.0
Maharashtra,Dhule,14,28,0,0,50.0,100.0
Maharashtra,Gadchiroli,27,77,4,4,51.65058240065486,100.0
Maharashtra,Hingoli,6,12,0,0,50.0,100.0
Maharashtra,Jalgaon,4,9,0,0,51.20772946859903,100.0
Maharashtra,Nandurbar,10,20,0,0,50.0,100.0
Maharashtra,Palghar,13,26,0,0,50.0,100.0
Maharashtra,Pune,11,22,0,0,50.0,100.0
Maharashtra,Ratnagiri,20,52,1,0,52.820170026052374,100.0
Maharashtra,Sangli,1,2,0,0,50.0,100.0
Maharashtra,Satara,19,51,3,1,49.45419481501252,100.0
Maharashtra,Thane,10,20,0,0,50.0,100.0
Maharashtra,Wardha,24,50,1,1,49.29411764705882,100.0
Maharashtra,Washim,24,49,0,0,50.55658627087199,100.0
Maharashtra,Yavatmal,10,20,0,0,50.0,100.0
Meghalaya,East Garo Hills,10,80,13,1,49.2764115909917,100.0
Meghalaya,East Khasi Hills,7,53,1,1,59.93061287667205,100.0
Meghalaya,Eastern West Khasi Hills,1,5,2,0,40.0,100.0
Meghalaya,North Garo Hills,6,48,3,4,48.97121180820409,100.0
Meghalaya,Ri Bhoi,5,26,3,6,35.96153846153846,100.0
Meghalaya,West Garo Hills,2,12,0,2,50.0,100.0
Meghalaya,West Jaintia Hills,2,13,1,2,45.51282051282051,100.0
Nagaland,Dimapur,13,84,9,6,53.472362598180766,100.0
Puducherry,Karaikal,3,6,0,0,50.0,100.0
Puducherry,Pondicherry,5,15,1,1,53.38461538461538,100.0
Punjab,Amritsar,7,62,13,6,46.20945614890986,100.0
Punjab,Barnala,3,30,6,0,45.79147869674185,100.0
Punjab,Bathinda,13,112,15,9,49.14761886762818,100.0
Punjab,Faridkot,18,151,21,7,49.76208590493,100.0
Punjab,Fatehgarh Sahib,9,80,8,10,50.915560362517596,100.0
Punjab,Fazilka,11,95,7,7,54.26815399093076,100.0
Punjab,Ferozepur,7,63,12,3,47.017592394279035,100.0
Punjab,Gurdaspur,7,65,10,4,53.983571732440524,100.0
Punjab,Hoshiarpur,12,110,25,9,42.16387190270059,100.0
Punjab,Jalandhar,8,75,16,6,43.82965145432063,100.0
Punjab,Kapurthala,5,53,7,6,47.219568595472666,100.0
Punjab,Ludhiana,8,75,15,9,43.76472328061661,100.0
Punjab,Malerkotla,2,14,2,1,45.608067788518916,100.0
Punjab,Mansa,7,57,8,3,48.82323824174597,100.0
Punjab,Moga,6,55,8,2,48.42981973207698,100.0
Punjab,Pathankot,12,111,22,8,45.74256114128114,100.0
Punjab,Patiala,8,87,22,6,44.66221672001605,100.0
Punjab,Rupnagar,10,90,12,9,48.37257425564098,100.0
Punjab,S.A.S Nagar,7,62,5,6,51.77454080287114,100.0
Punjab,Sangrur,3,26,6,1,46.72908573094879,100.0
Punjab,SangrurSangrur,1,1,0,0,70.49180327868851,100.0
Punjab,SangrurSunam,1,1,0,0,62.26415094339621,100.0
Punjab,Shahid Bhagat Singh Nagar Aur,1,20,6,0,50.44554455445545,100.0
Punjab,Shahid Bhagat Singh Nagar Nawanshahr,2,19,7,1,39.548263370978056,100.0
Punjab,Sri Muktsar Sahib,9,99,10,7,51.55199032433262,100.0
Punjab,Sri Muktsar SahibGidderbaha,2,2,0,0,56.43939393939394,100.0
Punjab,Tarn Taran,7,64,6,2,58.21623742408947,100.0
Rajasthan,Ajmer,11,79,9,5,50.36170302784039,100.0
Rajasthan,Alwar,8,60,7,2,52.33364441549767,100.0
Rajasthan,Anupgarh,8,57,5,1,60.36971018278382,100.0
Rajasthan,Balotra,7,43,1,3,55.37109038025056,100.0
Rajasthan,Banswara,22,150,22,13,42.99977024747376,100.0
Rajasthan,Baran,16,117,15,4,53.557450062308895,100.0
Rajasthan,Barmer,25,195,32,9,51.55886881041503,100.0
Rajasthan,Beawar,15,113,6,10,52.83914601362437,100.0
Rajasthan,Bharatpur,15,99,11,4,52.47124538304282,100.0
Rajasthan,Bhilwara,15,114,15,4,52.49048226807702,100.0
Rajasthan,Bikaner,28,207,32,14,54.02470416160157,100.0
Rajasthan,Bundi,11,85,4,3,56.473657806255765,100.0
Rajasthan,Chittorgarh,13,95,18,4,50.30785020998899,100.0
Rajasthan,Churu,20,142,11,4,57.48002828407888,100.0
Rajasthan,Dausa,13,81,11,4,47.98483137542517,100.0
Rajasthan,Deeg,9,67,4,3,57.03492441332465,100.0
Rajasthan,Dholpur,13,92,16,7,47.12531695119032,100.0
Rajasthan,Didwana-Kuchaman,9,68,7,8,51.36324492816302,100.0
Rajasthan,Dudu,25,154,18,6,55.780808727465796,100.0
Rajasthan,Dungarpur,16,114,9,4,55.62371882446468,100.0
Rajasthan,Ganganagar,18,136,16,11,51.6349619035357,100.0
Rajasthan,Gangapurcity,6,47,6,4,52.838931622729916,100.0
Rajasthan,Hanumangarh,29,217,13,9,58.88870457995526,100.0
Rajasthan,Jaipur,3,23,1,2,55.85333628704324,100.0
Rajasthan,Jaipur (Gramin),8,54,7,1,53.744443997697935,100.0
Rajasthan,Jaisalmer,45,312,34,30,53.197925174782846,100.0
Rajasthan,Jalore,4,30,0,1,60.0422631631934,100.0
Rajasthan,Jhalawar,25,194,23,10,51.54442350427668,100.0
Rajasthan,Jhunjhunu,1,8,0,0,71.55172413793105,100.0
Rajasthan,Jodhpur,4,32,2,4,52.11636153616853,100.0
Rajasthan,Jodhpur (Gramin),20,143,13,13,53.02261898201166,100.0
Rajasthan,Karauli,14,99,14,8,54.38113515371933,100.0
Rajasthan,Kekri,9,65,3,2,56.74257250290605,100.0
Rajasthan,Khairthal-Tijara,5,36,1,1,59.60239148072324,100.0
Rajasthan,Kota,16,125,11,8,51.68394924240636,100.0
Rajasthan,Kotputli-Behror,5,33,2,3,53.32371790129678,100.0
Rajasthan,Nagaur,3,18,2,2,59.79978086101236,100.0
Rajasthan,Neem Ka Thana,2,12,1,1,50.83571062833736,100.0
Rajasthan,Pali,9,54,1,2,60.97672220850727,100.0
Rajasthan,Phalodi,1,7,1,0,46.2857142857143,100.0
Rajasthan,Pratapgarh,21,142,14,10,50.12623005125058,100.0
Rajasthan,Rajsamand,22,169,20,9,50.60593534132028,100.0
Rajasthan,Salumbar,11,85,3,4,55.08240316763898,100.0
Rajasthan,Sanchore,6,41,3,2,54.73655137609307,100.0
Rajasthan,Sawai Madhopur,14,101,7,10,51.312249137570745,100.0
Rajasthan,Shahpura,6,46,7,3,51.49115808250018,100.0
Rajasthan,Sikar,12,97,11,1,60.19356967672311,100.0
Rajasthan,Sirohi,15,108,7,9,56.45642751616432,100.0
Rajasthan,Tonk,15,109,7,5,55.20643743082156,100.0
Rajasthan,Udaipur,21,161,11,9,51.30016015183885,100.0
Tamil Nadu,Ariyalur,10,27,1,0,55.17148861120492,100.0
Tamil Nadu,Chengalpattu,20,58,5,2,50.05834204110066,100.0
Tamil Nadu,Chennai,20,59,4,1,49.82097921107133,100.0
Tamil Nadu,Coimbatore,12,35,2,1,49.67844799042278,100.0
Tamil Nadu,Cuddalore,20,57,2,3,52.10282562897847,100.0
Tamil Nadu,Dharmapuri,21,60,5,0,53.26449846575754,100.0
Tamil Nadu,Dindigul,12,34,2,1,51.756036510714125,100.0
Tamil Nadu,Erode,20,53,0,0,55.23209149923443,100.0
Tamil Nadu,Kallakurichi,1,2,0,0,50.0,100.0
Tamil Nadu,Kanniyakumari,5,10,0,0,50.0,100.0
Tamil Nadu,Karur,6,12,0,0,52.33918128654971,100.0
Tamil Nadu,Krishnagiri,1,2,0,0,50.0,100.0
Tamil Nadu,Madurai,8,23,2,1,48.731347417547795,100.0
Tamil Nadu,Mayiladuthurai,3,9,0,0,52.46031746031747,100.0
Tamil Nadu,Nagapattinam,3,11,1,0,53.57142857142858,100.0
Tamil Nadu,Namakkal,5,10,0,0,50.0,100.0
Tamil Nadu,Perambalur,13,33,1,0,54.10299247763607,100.0
Tamil Nadu,Pudukkottai,10,27,2,0,50.000358916932264,100.0
Tamil Nadu,Ramanathapuram,11,31,0,3,50.67203269148545,100.0
Tamil Nadu,Salem,5,10,0,0,45.43859649122807,100.0
Tamil Nadu,Theni,7,24,4,1,48.87550348757245,100.0
Tamil Nadu,Thiruvallur,14,43,5,1,46.99495832604768,100.0
Tamil Nadu,Thiruvarur,6,17,1,1,52.73109243697479,100.0
Tamil Nadu,Thoothukkudi,13,36,2,0,51.24921573846305,100.0
Tamil Nadu,Tiruchirappalli,22,66,2,0,50.905560829940576,100.0
Tamil Nadu,Tirupathur,2,4,0,0,50.0,100.0
Tamil Nadu,Tiruppur,21,53,3,0,49.952175706892696,100.0
Tamil Nadu,Tiruvannamalai,8,23,4,0,43.134593933466924,100.0
Tamil Nadu,Vellore,6,14,1,0,47.779732582688254,100.0
Tamil Nadu,Viluppuram,8,16,0,0,50.0,100.0
Tamil Nadu,Virudhunagar,6,12,0,0,50.0,100.0
Telangana,Adilabad,1,6,0,1,50.0,100.0
Telangana,Bhadradri Kothagudem,5,42,7,4,51.74133369823024,100.0
Telangana,Hanumakonda,5,33,5,1,54.31938431938431,100.0
Telangana,Hyderabad,1,6,0,0,68.51851851851852,100.0
Telangana,Jagitial,7,49,3,2,59.52053434884474,100.0
Telangana,Jangaon,6,49,2,3,61.324232848775715,100.0
Telangana,Jayashankar Bhupalapally,6,49,4,1,60.41789178415699,100.0
Telangana,Jogulamba Gadwal,3,27,5,3,44.91927825261159,100.0
Telangana,Kamareddy,5,36,5,4,50.65965853027623,100.0
Telangana,Karimnagar,5,35,0,1,66.22463950814469,100.0
Telangana,Khammam,5,35,2,2,58.32513181047985,100.0
Telangana,Kumuram Bheem Asifabad Rebbena,1,6,0,0,47.43589743589743,100.0
Telangana,Kumuram Bheem Asifabad Sirpur (T),1,6,0,1,54.166666666666664,100.0
Telangana,Mahabubabad,6,36,0,3,54.88681543818038,100.0
Telangana,Mahabubnagar,2,14,1,0,55.46875,100.0
Telangana,Mancherial,4,29,1,0,53.457117595048636,100.0
Telangana,Medak,6,50,6,2,53.056640469953166,100.0
Telangana,Medchal Malkajgiri,6,51,5,1,57.17123290419683,100.0
Telangana,Mulugu,11,105,6,5,54.796902361316064,100.0
Telangana,Nagarkurnool,2,17,0,0,60.67927170868347,100.0
Telangana,Nalgonda,2,20,0,0,64.09854175872735,100.0
Telangana,Narayanpet,3,27,1,0,64.17747989214801,100.0
Telangana,Nirmal,7,64,4,7,55.94168954826604,100.0
Telangana,Nizamabad,4,38,1,0,75.43141384853223,100.0
Telangana,Peddapalli,5,45,1,1,61.56342279492484,100.0
Telangana,Rajanna Sircilla,1,10,0,1,59.879518072289144,100.0
Telangana,Ranga Reddy,8,75,5,1,56.506953247354346,100.0
Telangana,Sangareddy,7,65,3,2,57.84266818323589,100.0
Telangana,Siddipet,6,59,1,2,61.50544199762439,100.0
Telangana,Suryapet,10,90,5,4,58.35022606041866,100.0
Telangana,Vikarabad,11,105,10,3,58.234000245151876,100.0
Telangana,Wanaparthy,2,20,2,0,56.322859744990886,100.0
Telangana,Warangal,6,48,5,6,56.056988190608884,100.0
Telangana,Yadadri Bhuvanagiri,8,70,11,5,53.06535400362759,100.0
TelanganaYadadri Bhuvanagiri,Thurkapally,2,12,2,1,53.68068113321277,100.0
TelanganaYadadri Bhuvanagiri,Valigonda,1,6,0,0,51.85185185185184,100.0
TelanganaYadadri Bhuvanagiri,Yadagirigutta,2,12,4,0,44.50551782682513,100.0
The Dadra And Nagar Haveli And Daman And Diu,Dadra Nagar Haveli,4,8,0,0,50.0,100.0
Tiruchirappalli,Turaiyur,2,6,1,0,37.931034482758626,100.0
Tiruchirappalli,Uppiliapuram,2,6,0,0,64.74780701754386,100.0
Tiruchirappalli,Vaiyampatti,1,5,0,0,62.94117647058823,100.0
Tirunelveli,Ambasamudram,2,5,0,0,60.0,100.0
Tirunelveli,Cheranmahadevi,1,3,0,0,61.26126126126127,100.0
Tirunelveli,Kalakadu,3,7,0,0,57.142857142857146,100.0
Tirunelveli,Manur,3,7,0,0,54.54545454545455,100.0
Tirunelveli,Palayamkottai,2,6,0,0,58.57142857142858,100.0
Tirunelveli,Valliyoor,3,9,0,1,56.87071576598119,100.0
Tirupathur,Alangayan,3,9,1,0,39.753764753764756,100.0
Tripura,Dhalai,3,20,2,3,50.619047619047635,100.0
Tripura,Gomati,4,27,10,3,38.964254952627044,100.0
Tripura,Khowai,5,41,5,2,47.239188358270134,100.0
Tripura,North Tripura,6,44,3,5,46.874126396069975,100.0
Tripura,Sepahijala,8,51,7,4,58.11835607683358,100.0
Tripura,South Tripura,15,99,17,7,44.66670806609831,100.0
Tripura,Unakoti,10,79,12,4,52.69645805014383,100.0
Tripura,West Tripura,3,23,5,3,34.62479549436072,100.0
Uttar Pradesh,Agra,5,33,3,4,53.78691421472169,100.0
Uttar Pradesh,Aligarh,5,30,4,4,48.45438233264321,100.0
Uttar Pradesh,Ambedkar Nagar,4,24,5,1,51.81722689075631,100.0
Uttar Pradesh,Amethi,9,59,3,7,52.12779016878347,100.0
Uttar Pradesh,Amroha,5,31,6,3,40.612404322081744,100.0
Uttar Pradesh,Auraiya,6,36,5,3,46.95523905342807,100.0
Uttar Pradesh,Ayodhya,9,53,9,4,45.81204519883766,100.0
Uttar Pradesh,Azamgarh,6,39,8,3,43.65065246528719,100.0
Uttar Pradesh,Bahraich,3,17,4,2,41.27343244990305,100.0
Uttar Pradesh,Ballia,11,69,5,5,48.22450040709728,100.0
Uttar Pradesh,Balrampur,13,85,7,7,49.72227173697762,100.0
Uttar Pradesh,Banda,10,53,5,3,51.00855441520985,100.0
Uttar Pradesh,Bara Banki,6,38,5,5,44.253582674635304,100.0
Uttar Pradesh,Bareilly,3,21,4,1,48.16849816849818,100.0
Uttar Pradesh,Basti,3,21,3,2,42.4225245653817,100.0
Uttar Pradesh,Bhadohi,4,20,4,0,41.742316549366514,100.0
Uttar Pradesh,Bijnor,2,14,4,0,40.95511767925563,100.0
Uttar Pradesh,Budaun,3,19,0,0,57.76383427865074,100.0
Uttar Pradesh,Bulandshahr,1,7,3,0,36.09022556390976,100.0
Uttar Pradesh,Chandauli,7,40,10,1,44.82937999761308,100.0
Uttar Pradesh,Chitrakoot,8,41,5,2,47.63195597095835,100.0
Uttar Pradesh,Deoria,1,5,1,1,43.076923076923066,100.0
Uttar Pradesh,Etah,5,34,3,4,53.259618296382996,100.0
Uttar Pradesh,Etawah,5,27,1,3,51.90250422319744,100.0
Uttar Pradesh,Farrukhabad,2,12,2,1,47.51843448667045,100.0
Uttar Pradesh,Fatehpur,8,41,9,4,43.699647828570164,100.0
Uttar Pradesh,Firozabad,4,27,6,3,42.7046121180282,100.0
Uttar Pradesh,Gautam Buddha Nagar,4,30,2,0,56.49433633444785,100.0
Uttar Pradesh,Ghaziabad,2,10,2,0,48.88888888888889,100.0
Uttar Pradesh,Ghazipur,6,36,3,1,52.03007518796992,100.0
Uttar Pradesh,Gonda,3,17,4,1,47.10910005027652,100.0
Uttar Pradesh,Gorakhpur,1,7,0,0,42.857142857142854,100.0
Uttar Pradesh,Hamirpur,4,22,3,1,47.24608150470219,100.0
Uttar Pradesh,Hapur,4,22,1,2,50.36976911976911,100.0
Uttar Pradesh,Hardoi,8,47,7,2,49.14552338292539,100.0
Uttar Pradesh,Hathras,3,18,1,2,56.930415263748586,100.0
Uttar Pradesh,Jalaun,14,87,8,10,51.58143635304946,100.0
Uttar Pradesh,Jaunpur,6,30,3,2,49.0790084177181,100.0
Uttar Pradesh,Jhansi,12,81,10,8,47.176715569353235,100.0
Uttar Pradesh,Kannauj,3,18,1,0,53.91266007208036,100.0
Uttar Pradesh,Kanpur Dehat,4,25,5,3,47.75897435897436,100.0
Uttar Pradesh,Kanpur Nagar,7,46,4,3,50.607059819016335,100.0
Uttar Pradesh,Kasganj,2,13,1,1,60.75672295184491,100.0
Uttar Pradesh,Kaushambi,5,28,3,2,44.14976515049199,100.0
Uttar Pradesh,Kheri,2,11,0,1,66.08391608391608,100.0
Uttar Pradesh,Kushinagar,1,7,1,0,47.4025974025974,100.0
Uttar Pradesh,Lalitpur,12,77,10,7,50.168445563629184,100.0
Uttar Pradesh,Lucknow,13,83,11,11,47.608160112873485,100.0
Uttar Pradesh,Mahoba,6,24,3,0,48.593358896122815,100.0
Uttar Pradesh,Mahrajganj,3,18,4,1,38.75119731800766,100.0
Uttar Pradesh,Mainpuri,3,20,2,1,48.24999999999999,100.0
Uttar Pradesh,Mathura,8,55,8,2,51.76948051948052,100.0
Uttar Pradesh,Mau,4,24,5,1,42.497247628726285,100.0
Uttar Pradesh,Meerut,5,35,4,0,51.34657531274073,100.0
Uttar Pradesh,Mirzapur,3,16,0,1,60.225777511961724,100.0
Uttar Pradesh,Moradabad,5,34,8,3,42.082584168497476,100.0
Uttar Pradesh,Muzaffarnagar,7,40,5,5,47.69770580296897,100.0
Uttar Pradesh,Pilibhit,10,61,7,1,51.61397345823576,100.0
Uttar Pradesh,Prayagraj,8,45,6,2,51.14867573907141,100.0
Uttar Pradesh,Rae Bareli,8,52,9,7,47.14755183185553,100.0
Uttar Pradesh,Rampur,2,11,3,2,35.58580456976181,100.0
Uttar Pradesh,Saharanpur,7,36,4,3,49.72426470588235,100.0
Uttar Pradesh,Sambhal,3,18,1,0,60.432378079436894,100.0
Uttar Pradesh,Sant Kabir Nagar,4,26,3,2,48.102781329923275,100.0
Uttar Pradesh,Shahjahanpur,2,12,3,1,43.09523809523808,100.0
Uttar Pradesh,Shamli,3,16,3,1,49.78861763620711,100.0
Uttar Pradesh,Shrawasti,11,75,14,3,51.27741576162628,100.0
Uttar Pradesh,Siddharthnagar,8,53,5,4,52.26047185302228,100.0
Uttar Pradesh,Sitapur,3,16,2,0,52.619949494949495,100.0
Uttar Pradesh,Sonbhadra,12,69,4,3,51.768218706013435,100.0
Uttar Pradesh,Sultanpur,6,38,9,1,46.50144898643182,100.0
Uttar Pradesh,Unnao,2,12,0,1,48.620188816267245,100.0
Uttar Pradesh,Varanasi,2,11,2,0,46.07349172566563,100.0
Uttarakhand,Champawat,4,39,2,3,60.28838120943383,100.0
Uttarakhand,Dehradun,36,394,53,19,53.390424721068605,100.0
Uttarakhand,Haridwar,32,325,47,27,51.85352188837827,100.0
Uttarakhand,Nainital,8,77,9,5,58.634471305467954,100.0
Uttarakhand,Udam Singh Nagar,29,286,43,26,49.43196629711861,100.0
Uttarakhand,Uttar Kashi,4,31,8,0,53.82285522522335,100.0
West Bengal,Alipurduar,17,85,3,8,51.395388924800706,100.0
West Bengal,Bankura,28,120,4,8,54.404951232948115,100.0
West Bengal,Birbhum,24,102,15,2,47.59744778010344,100.0
West Bengal,Cooch Behar,7,30,2,3,53.10592185592184,100.0
West Bengal,Dakshin Dinajpur,6,27,1,2,52.69326866549089,100.0
West Bengal,Darjeeling,27,181,34,14,48.91390574020869,100.0
West Bengal,Hooghly,22,121,13,12,51.30579622231673,100.0
West Bengal,Howrah,15,84,9,5,51.96118722835668,100.0
West Bengal,Jalpaiguri,30,199,48,15,43.61573530642113,100.0
West Bengal,Jhargram,20,112,10,10,52.38725124302255,100.0
West Bengal,Kolkata,3,16,0,0,69.69266093697337,100.0
West Bengal,Malda,20,99,11,9,50.99758723022194,100.0
West Bengal,Murshidabad,6,23,2,2,50.46400187003273,100.0
West Bengal,Nadia,7,40,4,2,48.85290404040404,100.0
West Bengal,North 24 Parganas,8,54,0,1,69.87685970307459,100.0
West Bengal,Paschim Bardhaman,45,249,22,12,58.092671801450415,100.0
West Bengal,Paschim Medinipur,10,51,5,2,53.31072974228177,100.0
West Bengal,Purba Bardhaman,7,34,2,1,61.46397719927131,100.0
West Bengal,Purba Medinipur,4,18,1,0,54.96955288621955,100.0
West Bengal,Purulia,21,117,14,7,54.09385021071741,100.0
West Bengal,South 24 Parganas,6,38,2,3,50.19436537257989,100.0
West Bengal,Uttar Dinajpur,7,44,8,4,46.44938394938395,100.0
